200710;1004454790;AIR BP BRASIL S.A.;Querosene de Aviação;1874838
200710;1004454790;AIR BP BRASIL S.A.;Gasolina de Aviação;738731
200711;1004454790;AIR BP BRASIL S.A.;Querosene de Aviação;2235568
200711;1004454790;AIR BP BRASIL S.A.;Gasolina de Aviação;849125
200712;1004454790;AIR BP BRASIL S.A.;Querosene de Aviação;2254096
200712;1004454790;AIR BP BRASIL S.A.;Gasolina de Aviação;1033642
200801;5034274233;PETROBRAS DISTRIBUIDORA S.A;Gasolina de Aviação;9082285
200801;1004454790;AIR BP BRASIL S.A.;Querosene de Aviação;2776691
200801;1004454790;AIR BP BRASIL S.A.;Gasolina de Aviação;988421
200801;5034274233;PETROBRAS DISTRIBUIDORA S.A;Querosene de Aviação;467566735
200802;1004454790;AIR BP BRASIL S.A.;Querosene de Aviação;2621251
200802;5034274233;PETROBRAS DISTRIBUIDORA S.A;Gasolina de Aviação;8034425
200802;1004454790;AIR BP BRASIL S.A.;Gasolina de Aviação;900099
200802;5034274233;PETROBRAS DISTRIBUIDORA S.A;Querosene de Aviação;401661623
200803;1004454790;AIR BP BRASIL S.A.;Querosene de Aviação;2469694
200803;5034274233;PETROBRAS DISTRIBUIDORA S.A;Gasolina de Aviação;7021873
200803;1004454790;AIR BP BRASIL S.A.;Gasolina de Aviação;749130
200803;5034274233;PETROBRAS DISTRIBUIDORA S.A;Querosene de Aviação;441991072
200804;1004454790;AIR BP BRASIL S.A.;Querosene de Aviação;1895517
200804;1004454790;AIR BP BRASIL S.A.;Gasolina de Aviação;653468
200804;5034274233;PETROBRAS DISTRIBUIDORA S/A.;Gasolina de Aviação;3450720
200804;5034274233;PETROBRAS DISTRIBUIDORA S/A.;Querosene de Aviação;449134995
200805;1004454790;AIR BP BRASIL S.A.;Querosene de Aviação;2187365
200805;5034274233;PETROBRAS DISTRIBUIDORA S.A;Gasolina de Aviação;2892647
200805;1004454790;AIR BP BRASIL S.A.;Gasolina de Aviação;644070
200805;5034274233;PETROBRAS DISTRIBUIDORA S.A;Querosene de Aviação;453282662
200805;1007135653;GRAN PETRO DISTRIBUIDORA DE COMBUSTÍVEIS LTDA.;Gasolina de Aviação;129000
200806;5034274233;PETROBRAS DISTRIBUIDORA S.A;Gasolina de Aviação;4482192
200806;1004454790;AIR BP BRASIL S.A.;Querosene de Aviação;1916555
200806;1004454790;AIR BP BRASIL S.A.;Gasolina de Aviação;448902
200806;5034274233;PETROBRAS DISTRIBUIDORA S.A;Querosene de Aviação;658050389
200806;1007135653;GRAN PETRO DISTRIBUIDORA DE COMBUSTÍVEIS LTDA.;Gasolina de Aviação;258000
200807;1004454790;AIR BP BRASIL S.A.;Querosene de Aviação;4473575
200807;5034274233;PETROBRAS DISTRIBUIDORA S.A;Gasolina de Aviação;10827697
200807;1004454790;AIR BP BRASIL S.A.;Gasolina de Aviação;756968
200807;5034274233;PETROBRAS DISTRIBUIDORA S.A;Querosene de Aviação;460426856
200807;1007135653;GRAN PETRO DISTRIBUIDORA DE COMBUSTÍVEIS LTDA.;Gasolina de Aviação;134000
200808;1004454790;AIR BP BRASIL S.A.;Querosene de Aviação;4233985
200808;5034274233;PETROBRAS DISTRIBUIDORA S.A;Gasolina de Aviação;4107026
200808;1004454790;AIR BP BRASIL S.A.;Gasolina de Aviação;598731
200808;5034274233;PETROBRAS DISTRIBUIDORA S.A;Querosene de Aviação;433124083
200808;1007135653;GRAN PETRO DISTRIBUIDORA DE COMBUSTÍVEIS LTDA.;Gasolina de Aviação;162000
200809;1004454790;AIR BP BRASIL S.A.;Querosene de Aviação;4716783
200809;5034274233;PETROBRAS DISTRIBUIDORA S.A;Gasolina de Aviação;4662064
200809;1004454790;AIR BP BRASIL S.A.;Gasolina de Aviação;592750
200809;5034274233;PETROBRAS DISTRIBUIDORA S.A;Querosene de Aviação;411569316
200809;1007135653;GRAN PETRO DISTRIBUIDORA DE COMBUSTÍVEIS LTDA.;Gasolina de Aviação;195000
200810;5034274233;PETROBRAS DISTRIBUIDORA S.A;Gasolina de Aviação;8338835
200810;1004454790;AIR BP BRASIL S.A.;Querosene de Aviação;5758021
200810;1004454790;AIR BP BRASIL S.A.;Gasolina de Aviação;645647
200810;5034274233;PETROBRAS DISTRIBUIDORA S.A;Querosene de Aviação;436110377
200810;1007135653;GRAN PETRO DISTRIBUIDORA DE COMBUSTÍVEIS LTDA.;Gasolina de Aviação;105000
200811;5034274233;PETROBRAS DISTRIBUIDORA S.A;Gasolina de Aviação;6591736
200811;1004454790;AIR BP BRASIL S.A.;Querosene de Aviação;5779547
200811;1004454790;AIR BP BRASIL S.A.;Gasolina de Aviação;709484
200811;5034274233;PETROBRAS DISTRIBUIDORA S.A;Querosene de Aviação;431164662
200811;1007135653;GRAN PETRO DISTRIBUIDORA DE COMBUSTÍVEIS LTDA.;Gasolina de Aviação;150000
200812;5034274233;PETROBRAS DISTRIBUIDORA S.A;Gasolina de Aviação;9535166
200812;1004454790;AIR BP BRASIL S.A.;Querosene de Aviação;6271769
200812;1004454790;AIR BP BRASIL S.A.;Gasolina de Aviação;739925
200812;5034274233;PETROBRAS DISTRIBUIDORA S.A;Querosene de Aviação;467941644
200812;1007135653;GRAN PETRO DISTRIBUIDORA DE COMBUSTÍVEIS LTDA.;Gasolina de Aviação;201000
200901;1004454790;AIR BP BRASIL S.A.;Querosene de Aviação;7325440
200901;5034274233;PETROBRAS DISTRIBUIDORA S.A;Gasolina de Aviação;13037006
200901;1004454790;AIR BP BRASIL S.A.;Gasolina de Aviação;681326
200901;5034274233;PETROBRAS DISTRIBUIDORA S.A;Querosene de Aviação;469033402
200901;1007135653;GRAN PETRO DISTRIBUIDORA DE COMBUSTÍVEIS LTDA.;Gasolina de Aviação;230000
200902;5034274233;PETROBRAS DISTRIBUIDORA S.A;Gasolina de Aviação;8397974
200902;1004454790;AIR BP BRASIL S.A.;Querosene de Aviação;6285660
200902;1004454790;AIR BP BRASIL S.A.;Gasolina de Aviação;698502
200902;5034274233;PETROBRAS DISTRIBUIDORA S.A;Querosene de Aviação;402745185
200902;1007135653;GRAN PETRO DISTRIBUIDORA DE COMBUSTÍVEIS LTDA.;Gasolina de Aviação;279001
200903;1004454790;AIR BP BRASIL S.A.;Querosene de Aviação;6085994
200903;5034274233;PETROBRAS DISTRIBUIDORA S.A;Gasolina de Aviação;3744131
200903;1004454790;AIR BP BRASIL S.A.;Gasolina de Aviação;496247
200903;5034274233;PETROBRAS DISTRIBUIDORA S.A;Querosene de Aviação;452906664
200903;1007135653;GRAN PETRO DISTRIBUIDORA DE COMBUSTÍVEIS LTDA.;Gasolina de Aviação;325000
200904;1004454790;AIR BP BRASIL S.A.;Querosene de Aviação;5946070
200904;5034274233;PETROBRAS DISTRIBUIDORA S.A;Gasolina de Aviação;6558025
200904;1004454790;AIR BP BRASIL S.A.;Gasolina de Aviação;538071
200904;5034274233;PETROBRAS DISTRIBUIDORA S.A;Querosene de Aviação;456851527
200904;1007135653;GRAN PETRO DISTRIBUIDORA DE COMBUSTÍVEIS LTDA.;Gasolina de Aviação;241000
200905;5034274233;PETROBRAS DISTRIBUIDORA S.A;Gasolina de Aviação;4443958
200905;1004454790;AIR BP BRASIL S.A.;Querosene de Aviação;6997985
200905;1004454790;AIR BP BRASIL S.A.;Gasolina de Aviação;451408
200905;5034274233;PETROBRAS DISTRIBUIDORA S.A;Querosene de Aviação;487682382
200905;1007135653;GRAN PETRO DISTRIBUIDORA DE COMBUSTÍVEIS LTDA.;Gasolina de Aviação;233000
200906;1004454790;AIR BP BRASIL S.A.;Querosene de Aviação;6975512
200906;5034274233;PETROBRAS DISTRIBUIDORA S.A;Gasolina de Aviação;5242112
200906;1004454790;AIR BP BRASIL S.A.;Gasolina de Aviação;460298
200906;5034274233;PETROBRAS DISTRIBUIDORA S.A;Querosene de Aviação;485610961
200906;1007135653;GRAN PETRO DISTRIBUIDORA DE COMBUSTÍVEIS LTDA.;Gasolina de Aviação;200000
200907;5034274233;PETROBRAS DISTRIBUIDORA S.A;Gasolina de Aviação;6705412
200907;1004454790;AIR BP BRASIL S.A.;Querosene de Aviação;8025279
200907;1004454790;AIR BP BRASIL S.A.;Gasolina de Aviação;485191
200907;5034274233;PETROBRAS DISTRIBUIDORA S.A;Querosene de Aviação;551345284
200907;1007135653;GRAN PETRO DISTRIBUIDORA DE COMBUSTÍVEIS LTDA.;Gasolina de Aviação;256000
200908;1004454790;AIR BP BRASIL S.A.;Querosene de Aviação;8284466
200908;5034274233;PETROBRAS DISTRIBUIDORA S.A;Gasolina de Aviação;4417490
200908;1004454790;AIR BP BRASIL S.A.;Gasolina de Aviação;376648
200908;5034274233;PETROBRAS DISTRIBUIDORA S.A;Querosene de Aviação;536398543
200908;1007135653;GRAN PETRO DISTRIBUIDORA DE COMBUSTÍVEIS LTDA.;Gasolina de Aviação;255000
200909;1004454790;AIR BP BRASIL S.A.;Querosene de Aviação;13440019
200909;5034274233;PETROBRAS DISTRIBUIDORA S.A;Gasolina de Aviação;3297226
200909;1004454790;AIR BP BRASIL S.A.;Gasolina de Aviação;863225
200909;5034274233;PETROBRAS DISTRIBUIDORA S.A;Querosene de Aviação;525239672
200909;1007135653;GRAN PETRO DISTRIBUIDORA DE COMBUSTÍVEIS LTDA.;Gasolina de Aviação;189000
200910;1004454790;AIR BP BRASIL S.A.;Querosene de Aviação;14145689
200910;5034274233;PETROBRAS DISTRIBUIDORA S.A;Gasolina de Aviação;3681324
200910;1004454790;AIR BP BRASIL S.A.;Gasolina de Aviação;992123
200910;5034274233;PETROBRAS DISTRIBUIDORA S.A;Querosene de Aviação;515858309
200910;1007135653;GRAN PETRO DISTRIBUIDORA DE COMBUSTÍVEIS LTDA.;Gasolina de Aviação;42000
200911;5034274233;PETROBRAS DISTRIBUIDORA S.A;Gasolina de Aviação;5253246
200911;1004454790;AIR BP BRASIL S.A.;Querosene de Aviação;9416941
200911;1004454790;AIR BP BRASIL S.A.;Gasolina de Aviação;812452
200911;5034274233;PETROBRAS DISTRIBUIDORA S.A;Querosene de Aviação;526899306
200912;5034274233;PETROBRAS DISTRIBUIDORA S.A;Gasolina de Aviação;8961307
200912;1004454790;AIR BP BRASIL S.A.;Querosene de Aviação;10095025
200912;1004454790;AIR BP BRASIL S.A.;Gasolina de Aviação;1065403
200912;5034274233;PETROBRAS DISTRIBUIDORA S.A;Querosene de Aviação;566676011
201001;1004454790;AIR BP BRASIL S.A.;Querosene de Aviação;11953098
201001;5034274233;PETROBRAS DISTRIBUIDORA S.A;Gasolina de Aviação;11948665
201001;1004454790;AIR BP BRASIL S.A.;Gasolina de Aviação;687518
201001;5034274233;PETROBRAS DISTRIBUIDORA S.A;Querosene de Aviação;606262223
201002;1004454790;AIR BP BRASIL S.A.;Querosene de Aviação;10660683
201002;5034274233;PETROBRAS DISTRIBUIDORA S.A;Gasolina de Aviação;5227048
201002;1004454790;AIR BP BRASIL S.A.;Gasolina de Aviação;864457
201002;5034274233;PETROBRAS DISTRIBUIDORA S.A;Querosene de Aviação;547276469
201003;1004454790;AIR BP BRASIL S.A.;Querosene de Aviação;11625974
201003;5034274233;PETROBRAS DISTRIBUIDORA S.A;Gasolina de Aviação;4862597
201003;1004454790;AIR BP BRASIL S.A.;Gasolina de Aviação;774882
201003;5034274233;PETROBRAS DISTRIBUIDORA S.A;Querosene de Aviação;558729373
201004;1004454790;AIR BP BRASIL S.A.;Querosene de Aviação;12025715
201004;5034274233;PETROBRAS DISTRIBUIDORA S.A;Gasolina de Aviação;5282657
201004;1004454790;AIR BP BRASIL S.A.;Gasolina de Aviação;596032
201004;5034274233;PETROBRAS DISTRIBUIDORA S.A;Querosene de Aviação;537702465
201005;5034274233;PETROBRAS DISTRIBUIDORA S.A;Gasolina de Aviação;5978944
201005;1004454790;AIR BP BRASIL S.A.;Querosene de Aviação;11486777
201005;1004454790;AIR BP BRASIL S.A.;Gasolina de Aviação;643883
201005;5034274233;PETROBRAS DISTRIBUIDORA S.A;Querosene de Aviação;553988702
201006;1004454790;AIR BP BRASIL S.A.;Querosene de Aviação;11145504
201006;5034274233;PETROBRAS DISTRIBUIDORA S.A;Gasolina de Aviação;4947447
201006;1004454790;AIR BP BRASIL S.A.;Gasolina de Aviação;594399
201006;5034274233;PETROBRAS DISTRIBUIDORA S.A;Querosene de Aviação;517736095
201007;5034274233;PETROBRAS DISTRIBUIDORA S.A;Gasolina de Aviação;5688951
201007;1004454790;AIR BP BRASIL S.A.;Querosene de Aviação;12019510
201007;1004454790;AIR BP BRASIL S.A.;Gasolina de Aviação;779595
201007;5034274233;PETROBRAS DISTRIBUIDORA S.A;Querosene de Aviação;634869978
201008;1004454790;AIR BP BRASIL S.A.;Querosene de Aviação;13317824
201008;5034274233;PETROBRAS DISTRIBUIDORA S.A;Gasolina de Aviação;6545727
201008;1004454790;AIR BP BRASIL S.A.;Gasolina de Aviação;664337
201008;5034274233;PETROBRAS DISTRIBUIDORA S.A;Querosene de Aviação;586350130
201009;1004454790;AIR BP BRASIL S.A.;Querosene de Aviação;11992310
201009;5034274233;PETROBRAS DISTRIBUIDORA S.A;Gasolina de Aviação;5359863
201009;1004454790;AIR BP BRASIL S.A.;Gasolina de Aviação;805557
201009;5034274233;PETROBRAS DISTRIBUIDORA S.A;Querosene de Aviação;569770355
201010;1004454790;AIR BP BRASIL S.A.;Querosene de Aviação;12424821
201010;5034274233;PETROBRAS DISTRIBUIDORA S.A;Gasolina de Aviação;4139752
201010;1004454790;AIR BP BRASIL S.A.;Gasolina de Aviação;759676
201010;5034274233;PETROBRAS DISTRIBUIDORA S.A;Querosene de Aviação;652975862
201011;1004454790;AIR BP BRASIL S.A.;Querosene de Aviação;12986901
201011;5034274233;PETROBRAS DISTRIBUIDORA S.A;Gasolina de Aviação;4734452
201011;1004454790;AIR BP BRASIL S.A.;Gasolina de Aviação;829879
201011;5034274233;PETROBRAS DISTRIBUIDORA S.A;Querosene de Aviação;616697729
201012;1004454790;AIR BP BRASIL S.A.;Querosene de Aviação;13084082
201012;5034274233;PETROBRAS DISTRIBUIDORA S.A;Gasolina de Aviação;10236860
201012;1004454790;AIR BP BRASIL S.A.;Gasolina de Aviação;748735
201012;5034274233;PETROBRAS DISTRIBUIDORA S.A;Querosene de Aviação;707143090
201101;1004454790;AIR BP BRASIL S.A.;Querosene de Aviação;20289532
201101;5034274233;PETROBRAS DISTRIBUIDORA S.A;Gasolina de Aviação;6941392
201101;1004454790;AIR BP BRASIL S.A.;Gasolina de Aviação;931585
201101;5034274233;PETROBRAS DISTRIBUIDORA S.A;Querosene de Aviação;651743125
201102;5034274233;PETROBRAS DISTRIBUIDORA S.A;Gasolina de Aviação;4433793
201102;1004454790;AIR BP BRASIL S.A.;Querosene de Aviação;18252079
201102;1004454790;AIR BP BRASIL S.A.;Gasolina de Aviação;778899
201102;5034274233;PETROBRAS DISTRIBUIDORA S.A;Querosene de Aviação;663243891
201103;1004454790;AIR BP BRASIL S.A.;Querosene de Aviação;22509851
201103;5034274233;PETROBRAS DISTRIBUIDORA S.A;Gasolina de Aviação;5487056
201103;1004454790;AIR BP BRASIL S.A.;Gasolina de Aviação;672261
201103;5034274233;PETROBRAS DISTRIBUIDORA S.A;Querosene de Aviação;676420548
201104;5034274233;PETROBRAS DISTRIBUIDORA S.A;Gasolina de Aviação;6194703
201104;1004454790;AIR BP BRASIL S.A.;Querosene de Aviação;19331256
201104;1004454790;AIR BP BRASIL S.A.;Gasolina de Aviação;741763
201104;5034274233;PETROBRAS DISTRIBUIDORA S.A;Querosene de Aviação;628736326
201105;5034274233;PETROBRAS DISTRIBUIDORA S.A;Gasolina de Aviação;9376181
201105;1004454790;AIR BP BRASIL S.A.;Querosene de Aviação;19454199
201105;1004454790;AIR BP BRASIL S.A.;Gasolina de Aviação;793192
201105;5034274233;PETROBRAS DISTRIBUIDORA S.A;Querosene de Aviação;650893357
201106;5034274233;PETROBRAS DISTRIBUIDORA S.A;Gasolina de Aviação;4309525
201106;1004454790;AIR BP BRASIL S.A.;Querosene de Aviação;18350241
201106;1004454790;AIR BP BRASIL S.A.;Gasolina de Aviação;733349
201106;5034274233;PETROBRAS DISTRIBUIDORA S.A;Querosene de Aviação;644139443
201107;1004454790;AIR BP BRASIL S.A.;Querosene de Aviação;18654270
201107;5034274233;PETROBRAS DISTRIBUIDORA S.A;Gasolina de Aviação;7329381
201107;1004454790;AIR BP BRASIL S.A.;Gasolina de Aviação;649756
201107;5034274233;PETROBRAS DISTRIBUIDORA S.A;Querosene de Aviação;742352245
201108;1004454790;AIR BP BRASIL S.A.;Querosene de Aviação;17809470
201108;5034274233;PETROBRAS DISTRIBUIDORA S.A;Gasolina de Aviação;8887063
201108;1004454790;AIR BP BRASIL S.A.;Gasolina de Aviação;758397
201108;5034274233;PETROBRAS DISTRIBUIDORA S.A;Querosene de Aviação;714069522
201109;5034274233;PETROBRAS DISTRIBUIDORA S.A;Gasolina de Aviação;7038015
201109;1004454790;AIR BP BRASIL S.A.;Querosene de Aviação;16183104
201109;1004454790;AIR BP BRASIL S.A.;Gasolina de Aviação;798845
201109;5034274233;PETROBRAS DISTRIBUIDORA S.A;Querosene de Aviação;720143914
201110;1004454790;AIR BP BRASIL S.A.;Querosene de Aviação;17233020
201110;5034274233;PETROBRAS DISTRIBUIDORA S.A;Gasolina de Aviação;9890227
201110;1033453598;RAIZEN COMBUSTÍVEIS S.A.;Querosene de Aviação;223764395
201110;1004454790;AIR BP BRASIL S.A.;Gasolina de Aviação;724695
201110;5034274233;PETROBRAS DISTRIBUIDORA S.A;Querosene de Aviação;744714914
201110;1033453598;RAIZEN COMBUSTÍVEIS S.A.;Gasolina de Aviação;1673040
201111;1004454790;AIR BP BRASIL S.A.;Querosene de Aviação;17853161
201111;5034274233;PETROBRAS DISTRIBUIDORA S.A;Gasolina de Aviação;6263791
201111;1033453598;RAIZEN COMBUSTÍVEIS S.A.;Querosene de Aviação;222462331
201111;1004454790;AIR BP BRASIL S.A.;Gasolina de Aviação;933249
201111;5034274233;PETROBRAS DISTRIBUIDORA S.A;Querosene de Aviação;728899119
201111;1033453598;RAIZEN COMBUSTÍVEIS S.A.;Gasolina de Aviação;2057505
201112;5034274233;PETROBRAS DISTRIBUIDORA S.A;Gasolina de Aviação;8680131
201112;1004454790;AIR BP BRASIL S.A.;Querosene de Aviação;18140475
201112;1033453598;RAIZEN COMBUSTÍVEIS S.A.;Querosene de Aviação;234486771
201112;1004454790;AIR BP BRASIL S.A.;Gasolina de Aviação;961251
201112;5034274233;PETROBRAS DISTRIBUIDORA S.A;Querosene de Aviação;748960907
201112;1033453598;RAIZEN COMBUSTÍVEIS S.A.;Gasolina de Aviação;2119675
201201;1004454790;AIR BP BRASIL S.A.;Querosene de Aviação;18485338
201201;5034274233;PETROBRAS DISTRIBUIDORA S.A;Gasolina de Aviação;5895526
201201;1033453598;RAIZEN COMBUSTÍVEIS S.A.;Querosene de Aviação;238664930
201201;1004454790;AIR BP BRASIL S.A.;Gasolina de Aviação;1089716
201201;5034274233;PETROBRAS DISTRIBUIDORA S.A;Querosene de Aviação;776060861
201201;1033453598;RAIZEN COMBUSTÍVEIS S.A.;Gasolina de Aviação;2105403
201202;5034274233;PETROBRAS DISTRIBUIDORA S.A;Gasolina de Aviação;9430219
201202;1004454790;AIR BP BRASIL S.A.;Querosene de Aviação;17395317
201202;1004454790;AIR BP BRASIL S.A.;Gasolina de Aviação;991863
201202;1033453598;RAIZEN COMBUSTÍVEIS S.A.;Querosene de Aviação;220734955
201202;5034274233;PETROBRAS DISTRIBUIDORA S.A;Querosene de Aviação;698744424
201202;1033453598;RAIZEN COMBUSTÍVEIS S.A.;Gasolina de Aviação;2039990
201203;1004454790;AIR BP BRASIL S.A.;Querosene de Aviação;18457851
201203;5034274233;PETROBRAS DISTRIBUIDORA S.A;Gasolina de Aviação;8239949
201203;1033453598;RAIZEN COMBUSTÍVEIS S.A.;Querosene de Aviação;234542440
201203;1004454790;AIR BP BRASIL S.A.;Gasolina de Aviação;938267
201203;5034274233;PETROBRAS DISTRIBUIDORA S.A;Querosene de Aviação;722317901
201203;1033453598;RAIZEN COMBUSTÍVEIS S.A.;Gasolina de Aviação;1991732
201204;1004454790;AIR BP BRASIL S.A.;Querosene de Aviação;19588577
201204;5034274233;PETROBRAS DISTRIBUIDORA S.A;Gasolina de Aviação;9636183
201204;1004454790;AIR BP BRASIL S.A.;Gasolina de Aviação;785460
201204;1033453598;RAIZEN COMBUSTÍVEIS S.A.;Querosene de Aviação;235597422
201204;5034274233;PETROBRAS DISTRIBUIDORA S.A;Querosene de Aviação;798287725
201204;1033453598;RAIZEN COMBUSTÍVEIS S.A.;Gasolina de Aviação;2008294
201205;5034274233;PETROBRAS DISTRIBUIDORA S.A;Gasolina de Aviação;6450398
201205;1004454790;AIR BP BRASIL S.A.;Querosene de Aviação;19999893
201205;1004454790;AIR BP BRASIL S.A.;Gasolina de Aviação;863166
201205;1033453598;RAIZEN COMBUSTÍVEIS S.A.;Querosene de Aviação;238103830
201205;5034274233;PETROBRAS DISTRIBUIDORA S.A;Querosene de Aviação;665805287
201205;1033453598;RAIZEN COMBUSTÍVEIS S.A.;Gasolina de Aviação;1980523
201206;5034274233;PETROBRAS DISTRIBUIDORA S.A;Gasolina de Aviação;4573419
201206;1004454790;AIR BP BRASIL S.A.;Querosene de Aviação;19619158
201206;1004454790;AIR BP BRASIL S.A.;Gasolina de Aviação;776025
201206;1033453598;RAIZEN COMBUSTÍVEIS S.A.;Querosene de Aviação;215328904
201206;5034274233;PETROBRAS DISTRIBUIDORA S.A;Querosene de Aviação;675292866
201206;1033453598;RAIZEN COMBUSTÍVEIS S.A.;Gasolina de Aviação;1489997
201207;1004454790;AIR BP BRASIL S.A.;Querosene de Aviação;20550634
201207;5034274233;PETROBRAS DISTRIBUIDORA S.A;Gasolina de Aviação;8417560
201207;1004454790;AIR BP BRASIL S.A.;Gasolina de Aviação;774199
201207;1033453598;RAIZEN COMBUSTÍVEIS S.A.;Querosene de Aviação;228932286
201207;5034274233;PETROBRAS DISTRIBUIDORA S.A;Querosene de Aviação;708477106
201207;1033453598;RAIZEN COMBUSTÍVEIS S.A.;Gasolina de Aviação;1801866
201208;1004454790;AIR BP BRASIL S.A.;Querosene de Aviação;20181009
201208;5034274233;PETROBRAS DISTRIBUIDORA S.A;Gasolina de Aviação;10031698
201208;1004454790;AIR BP BRASIL S.A.;Gasolina de Aviação;683002
201208;1033453598;RAIZEN COMBUSTÍVEIS S.A.;Querosene de Aviação;221994218
201208;5034274233;PETROBRAS DISTRIBUIDORA S.A;Querosene de Aviação;710914865
201208;1007135653;GRAN PETRO DISTRIBUIDORA DE COMBUSTÍVEIS LTDA.;Gasolina de Aviação;160000
201208;1033453598;RAIZEN COMBUSTÍVEIS S.A.;Gasolina de Aviação;1969370
201209;1004454790;AIR BP BRASIL S.A.;Querosene de Aviação;19163739
201209;5034274233;PETROBRAS DISTRIBUIDORA S.A;Gasolina de Aviação;7255923
201209;1004454790;AIR BP BRASIL S.A.;Gasolina de Aviação;567500
201209;1033453598;RAIZEN COMBUSTÍVEIS S.A.;Querosene de Aviação;219186227
201209;5034274233;PETROBRAS DISTRIBUIDORA S.A;Querosene de Aviação;594822217
201209;1007135653;GRAN PETRO DISTRIBUIDORA DE COMBUSTÍVEIS LTDA.;Gasolina de Aviação;311000
201209;1033453598;RAIZEN COMBUSTÍVEIS S.A.;Gasolina de Aviação;1877152
201210;5034274233;PETROBRAS DISTRIBUIDORA S.A;Gasolina de Aviação;8137641
201210;1004454790;AIR BP BRASIL S.A.;Querosene de Aviação;22915302
201210;1033453598;RAIZEN COMBUSTÍVEIS S.A.;Querosene de Aviação;221446483
201210;1004454790;AIR BP BRASIL S.A.;Gasolina de Aviação;693021
201210;5034274233;PETROBRAS DISTRIBUIDORA S.A;Querosene de Aviação;677694865
201210;1007135653;GRAN PETRO DISTRIBUIDORA DE COMBUSTÍVEIS LTDA.;Gasolina de Aviação;423000
201210;1033453598;RAIZEN COMBUSTÍVEIS S.A.;Gasolina de Aviação;1923496
201211;5034274233;PETROBRAS DISTRIBUIDORA S.A;Gasolina de Aviação;9276400
201211;1033453598;RAIZEN COMBUSTÍVEIS S.A.;Querosene de Aviação;204765244
201211;1004454790;AIR BP BRASIL LTDA;Gasolina de Aviação;593596
201211;5034274233;PETROBRAS DISTRIBUIDORA S.A;Querosene de Aviação;612703036
201211;1004454790;AIR BP BRASIL LTDA;Querosene de Aviação;24716231
201211;1033453598;RAIZEN COMBUSTÍVEIS S.A.;Gasolina de Aviação;1962034
201211;1007135653;GRAN PETRO DISTRIBUIDORA DE COMBUSTÍVEIS LTDA.;Gasolina de Aviação;359000
201212;5034274233;PETROBRAS DISTRIBUIDORA S.A;Gasolina de Aviação;15243286
201212;1033453598;RAIZEN COMBUSTÍVEIS S.A.;Querosene de Aviação;207604406
201212;1004454790;AIR BP BRASIL LTDA;Gasolina de Aviação;692142
201212;5034274233;PETROBRAS DISTRIBUIDORA S.A;Querosene de Aviação;689015245
201212;1004454790;AIR BP BRASIL LTDA;Querosene de Aviação;26288768
201212;1033453598;RAIZEN COMBUSTÍVEIS S.A.;Gasolina de Aviação;2285819
201212;1007135653;GRAN PETRO DISTRIBUIDORA DE COMBUSTÍVEIS LTDA.;Gasolina de Aviação;501000
201301;5034274233;PETROBRAS DISTRIBUIDORA S.A.;Querosene de Aviação;649025718
201301;1033453598;RAIZEN COMBUSTÍVEIS S.A.;Querosene de Aviação;222696464
201301;1004454790;AIR BP BRASIL LTDA;Gasolina de Aviação;602586
201301;1004454790;AIR BP BRASIL LTDA;Querosene de Aviação;15851812
201301;1007135653;GRAN PETRO DISTRIBUIDORA DE COMBUSTÍVEIS LTDA.;Gasolina de Aviação;589000
201301;5034274233;PETROBRAS DISTRIBUIDORA S.A.;Gasolina de Aviação;10361455
201301;1033453598;RAIZEN COMBUSTÍVEIS S.A.;Gasolina de Aviação;2252037
201302;5034274233;PETROBRAS DISTRIBUIDORA S.A.;Querosene de Aviação;554837119
201302;1033453598;RAIZEN COMBUSTÍVEIS S.A.;Querosene de Aviação;198576446
201302;1004454790;AIR BP BRASIL LTDA;Gasolina de Aviação;469106
201302;1004454790;AIR BP BRASIL LTDA;Querosene de Aviação;14367390
201302;5034274233;PETROBRAS DISTRIBUIDORA S.A.;Gasolina de Aviação;11667702
201302;1033453598;RAIZEN COMBUSTÍVEIS S.A.;Gasolina de Aviação;1732295
201302;1007135653;GRAN PETRO DISTRIBUIDORA DE COMBUSTÍVEIS LTDA.;Gasolina de Aviação;478000
201303;5034274233;PETROBRAS DISTRIBUIDORA S.A.;Querosene de Aviação;575872088
201303;1033453598;RAIZEN COMBUSTÍVEIS S.A.;Querosene de Aviação;229850347
201303;1004454790;AIR BP BRASIL LTDA;Gasolina de Aviação;469279
201303;1004454790;AIR BP BRASIL LTDA;Querosene de Aviação;30638326
201303;1033453598;RAIZEN COMBUSTÍVEIS S.A.;Gasolina de Aviação;1744953
201303;1007135653;GRAN PETRO DISTRIBUIDORA DE COMBUSTÍVEIS LTDA.;Gasolina de Aviação;553000
201303;5034274233;PETROBRAS DISTRIBUIDORA S.A.;Gasolina de Aviação;8612906
201304;5034274233;PETROBRAS DISTRIBUIDORA S.A.;Querosene de Aviação;562693667
201304;1033453598;RAIZEN COMBUSTÍVEIS S.A.;Querosene de Aviação;205149227
201304;1004454790;AIR BP BRASIL LTDA;Gasolina de Aviação;583925
201304;1004454790;AIR BP BRASIL LTDA;Querosene de Aviação;39672764
201304;5034274233;PETROBRAS DISTRIBUIDORA S.A.;Gasolina de Aviação;9380822
201304;1007135653;GRAN PETRO DISTRIBUIDORA DE COMBUSTÍVEIS LTDA.;Gasolina de Aviação;668000
201304;1033453598;RAIZEN COMBUSTÍVEIS S.A.;Gasolina de Aviação;1901581
201305;5034274233;PETROBRAS DISTRIBUIDORA S.A.;Querosene de Aviação;601621670
201305;1033453598;RAIZEN COMBUSTÍVEIS S.A.;Querosene de Aviação;202728665
201305;1004454790;AIR BP BRASIL LTDA;Gasolina de Aviação;538796
201305;1004454790;AIR BP BRASIL LTDA;Querosene de Aviação;39373387
201305;1033453598;RAIZEN COMBUSTÍVEIS S.A.;Gasolina de Aviação;1699124
201305;1007135653;GRAN PETRO DISTRIBUIDORA DE COMBUSTÍVEIS LTDA.;Gasolina de Aviação;447000
201305;5034274233;PETROBRAS DISTRIBUIDORA S.A.;Gasolina de Aviação;8715644
201306;5034274233;PETROBRAS DISTRIBUIDORA S.A.;Querosene de Aviação;542022590
201306;1033453598;RAIZEN COMBUSTÍVEIS S.A.;Querosene de Aviação;197163315
201306;1004454790;AIR BP BRASIL LTDA;Gasolina de Aviação;431032
201306;1004454790;AIR BP BRASIL LTDA;Querosene de Aviação;44945926
201306;5034274233;PETROBRAS DISTRIBUIDORA S.A.;Gasolina de Aviação;7715671
201306;1033453598;RAIZEN COMBUSTÍVEIS S.A.;Gasolina de Aviação;1506389
201306;1007135653;GRAN PETRO DISTRIBUIDORA DE COMBUSTÍVEIS LTDA.;Gasolina de Aviação;449000
201307;5034274233;PETROBRAS DISTRIBUIDORA S.A.;Querosene de Aviação;639905135
201307;1033453598;RAIZEN COMBUSTÍVEIS S.A.;Querosene de Aviação;217839003
201307;1004454790;AIR BP BRASIL LTDA;Gasolina de Aviação;585705
201307;1004454790;AIR BP BRASIL LTDA;Querosene de Aviação;47379832
201307;1033453598;RAIZEN COMBUSTÍVEIS S.A.;Gasolina de Aviação;1784797
201307;5034274233;PETROBRAS DISTRIBUIDORA S.A.;Gasolina de Aviação;6626668
201307;1007135653;GRAN PETRO DISTRIBUIDORA DE COMBUSTÍVEIS LTDA.;Gasolina de Aviação;417000
201308;5034274233;PETROBRAS DISTRIBUIDORA S.A.;Querosene de Aviação;717813747
201308;1033453598;RAIZEN COMBUSTÍVEIS S.A.;Querosene de Aviação;213232583
201308;1004454790;AIR BP BRASIL LTDA;Gasolina de Aviação;600256
201308;1004454790;AIR BP BRASIL LTDA;Querosene de Aviação;50575245
201308;1033453598;RAIZEN COMBUSTÍVEIS S.A.;Gasolina de Aviação;1929300
201308;1007135653;GRAN PETRO DISTRIBUIDORA DE COMBUSTÍVEIS LTDA.;Gasolina de Aviação;325000
201308;5034274233;PETROBRAS DISTRIBUIDORA S.A.;Gasolina de Aviação;6300519
201309;5034274233;PETROBRAS DISTRIBUIDORA S.A.;Querosene de Aviação;560118874
201309;1033453598;RAIZEN COMBUSTÍVEIS S.A.;Querosene de Aviação;193394061
201309;1004454790;AIR BP BRASIL LTDA;Gasolina de Aviação;481414
201309;1004454790;AIR BP BRASIL LTDA;Querosene de Aviação;46410321
201309;1033453598;RAIZEN COMBUSTÍVEIS S.A.;Gasolina de Aviação;1685833
201309;1007135653;GRAN PETRO DISTRIBUIDORA DE COMBUSTÍVEIS LTDA.;Gasolina de Aviação;310000
201309;5034274233;PETROBRAS DISTRIBUIDORA S.A.;Gasolina de Aviação;7598502
201310;5034274233;PETROBRAS DISTRIBUIDORA S.A.;Querosene de Aviação;586016918
201310;1033453598;RAIZEN COMBUSTÍVEIS S.A.;Querosene de Aviação;203412160
201310;1004454790;AIR BP BRASIL LTDA;Gasolina de Aviação;531940
201310;1004454790;AIR BP BRASIL LTDA;Querosene de Aviação;48735244
201310;1033453598;RAIZEN COMBUSTÍVEIS S.A.;Gasolina de Aviação;1963948
201310;5034274233;PETROBRAS DISTRIBUIDORA S.A.;Gasolina de Aviação;11450547
201310;1007135653;GRAN PETRO DISTRIBUIDORA DE COMBUSTÍVEIS LTDA.;Gasolina de Aviação;332000
201311;5034274233;PETROBRAS DISTRIBUIDORA S.A.;Querosene de Aviação;611757203
201311;1033453598;RAIZEN COMBUSTÍVEIS S.A.;Querosene de Aviação;200720326
201311;1004454790;AIR BP BRASIL LTDA;Gasolina de Aviação;601916
201311;1004454790;AIR BP BRASIL LTDA;Querosene de Aviação;48090112
201311;5034274233;PETROBRAS DISTRIBUIDORA S.A.;Gasolina de Aviação;11292821
201311;1007135653;GRAN PETRO DISTRIBUIDORA DE COMBUSTÍVEIS LTDA.;Gasolina de Aviação;390000
201311;1033453598;RAIZEN COMBUSTÍVEIS S.A.;Gasolina de Aviação;2533634
201312;5034274233;PETROBRAS DISTRIBUIDORA S.A.;Querosene de Aviação;707855436
201312;1033453598;RAIZEN COMBUSTÍVEIS S.A.;Querosene de Aviação;214708955
201312;1004454790;AIR BP BRASIL LTDA;Gasolina de Aviação;584207
201312;1004454790;AIR BP BRASIL LTDA;Querosene de Aviação;54427142
201312;5034274233;PETROBRAS DISTRIBUIDORA S.A.;Gasolina de Aviação;9993542
201312;1007135653;GRAN PETRO DISTRIBUIDORA DE COMBUSTÍVEIS LTDA.;Gasolina de Aviação;387000
201312;1033453598;RAIZEN COMBUSTÍVEIS S.A.;Gasolina de Aviação;2377130
201312;1007135653;GRAN PETRO DISTRIBUIDORA DE COMBUSTÍVEIS LTDA.;Querosene de Aviação;30000
201401;5034274233;PETROBRAS DISTRIBUIDORA S.A.;Querosene de Aviação;827963933
201401;1033453598;RAIZEN COMBUSTÍVEIS S.A.;Querosene de Aviação;219824625
201401;1004454790;AIR BP BRASIL LTDA;Gasolina de Aviação;684155
201401;1004454790;AIR BP BRASIL LTDA;Querosene de Aviação;55542876
201401;1033453598;RAIZEN COMBUSTÍVEIS S.A.;Gasolina de Aviação;2547928
201401;1007135653;GRAN PETRO DISTRIBUIDORA DE COMBUSTÍVEIS LTDA.;Gasolina de Aviação;441000
201401;5034274233;PETROBRAS DISTRIBUIDORA S.A.;Gasolina de Aviação;14867849
201401;1007135653;GRAN PETRO DISTRIBUIDORA DE COMBUSTÍVEIS LTDA.;Querosene de Aviação;10000
201402;5034274233;PETROBRAS DISTRIBUIDORA S.A.;Querosene de Aviação;591286869
201402;1033453598;RAIZEN COMBUSTÍVEIS S.A.;Querosene de Aviação;186078129
201402;1004454790;AIR BP BRASIL LTDA;Gasolina de Aviação;565466
201402;1004454790;AIR BP BRASIL LTDA;Querosene de Aviação;50530464
201402;1033453598;RAIZEN COMBUSTÍVEIS S.A.;Gasolina de Aviação;2218948
201402;1007135653;GRAN PETRO DISTRIBUIDORA DE COMBUSTÍVEIS LTDA.;Gasolina de Aviação;362000
201402;5034274233;PETROBRAS DISTRIBUIDORA S.A.;Gasolina de Aviação;7549777
201402;1007135653;GRAN PETRO DISTRIBUIDORA DE COMBUSTÍVEIS LTDA.;Querosene de Aviação;10000
201403;5034274233;PETROBRAS DISTRIBUIDORA S.A.;Querosene de Aviação;681168998
201403;1033453598;RAIZEN COMBUSTÍVEIS S.A.;Querosene de Aviação;206045164
201403;1004454790;AIR BP BRASIL LTDA;Gasolina de Aviação;497938
201403;1004454790;AIR BP BRASIL LTDA;Querosene de Aviação;55045957
201403;1033453598;RAIZEN COMBUSTÍVEIS S.A.;Gasolina de Aviação;1966474
201403;5034274233;PETROBRAS DISTRIBUIDORA S.A.;Gasolina de Aviação;9218161
201403;1007135653;GRAN PETRO DISTRIBUIDORA DE COMBUSTÍVEIS LTDA.;Gasolina de Aviação;365000
201404;5034274233;PETROBRAS DISTRIBUIDORA S.A.;Querosene de Aviação;645234067
201404;1033453598;RAIZEN COMBUSTÍVEIS S.A.;Querosene de Aviação;197667294
201404;1004454790;AIR BP BRASIL LTDA;Gasolina de Aviação;587513
201404;1004454790;AIR BP BRASIL LTDA;Querosene de Aviação;56218900
201404;5034274233;PETROBRAS DISTRIBUIDORA S.A.;Gasolina de Aviação;7469876
201404;1033453598;RAIZEN COMBUSTÍVEIS S.A.;Gasolina de Aviação;2308979
201404;1007135653;GRAN PETRO DISTRIBUIDORA DE COMBUSTÍVEIS LTDA.;Gasolina de Aviação;520000
201405;5034274233;PETROBRAS DISTRIBUIDORA S.A.;Querosene de Aviação;622144046
201405;1033453598;RAIZEN COMBUSTÍVEIS S.A.;Querosene de Aviação;201256175
201405;1004454790;AIR BP BRASIL LTDA;Gasolina de Aviação;561561
201405;1004454790;AIR BP BRASIL LTDA;Querosene de Aviação;58037275
201405;5034274233;PETROBRAS DISTRIBUIDORA S.A.;Gasolina de Aviação;8064283
201405;1007135653;GRAN PETRO DISTRIBUIDORA DE COMBUSTÍVEIS LTDA.;Gasolina de Aviação;360000
201405;1033453598;RAIZEN COMBUSTÍVEIS S.A.;Gasolina de Aviação;1962533
201406;5034274233;PETROBRAS DISTRIBUIDORA S.A.;Querosene de Aviação;694720667
201406;1033453598;RAIZEN COMBUSTÍVEIS S.A.;Querosene de Aviação;193639979
201406;1004454790;AIR BP BRASIL LTDA;Gasolina de Aviação;494354
201406;1004454790;AIR BP BRASIL LTDA;Querosene de Aviação;59655474
201406;5034274233;PETROBRAS DISTRIBUIDORA S.A.;Gasolina de Aviação;6344601
201406;1033453598;RAIZEN COMBUSTÍVEIS S.A.;Gasolina de Aviação;1551191
201406;1007135653;GRAN PETRO DISTRIBUIDORA DE COMBUSTÍVEIS LTDA.;Gasolina de Aviação;305000
201406;1007135653;GRAN PETRO DISTRIBUIDORA DE COMBUSTÍVEIS LTDA.;Querosene de Aviação;15000
201407;5034274233;PETROBRAS DISTRIBUIDORA S.A.;Querosene de Aviação;628168984
201407;1033453598;RAIZEN COMBUSTÍVEIS S.A.;Querosene de Aviação;209425011
201407;1004454790;AIR BP BRASIL LTDA;Gasolina de Aviação;552536
201407;1004454790;AIR BP BRASIL LTDA;Querosene de Aviação;60609888
201407;5034274233;PETROBRAS DISTRIBUIDORA S.A.;Gasolina de Aviação;9372615
201407;1033453598;RAIZEN COMBUSTÍVEIS S.A.;Gasolina de Aviação;1988897
201407;1007135653;GRAN PETRO DISTRIBUIDORA DE COMBUSTÍVEIS LTDA.;Gasolina de Aviação;395000
201408;5034274233;PETROBRAS DISTRIBUIDORA S.A.;Querosene de Aviação;651038234
201408;1033453598;RAIZEN COMBUSTÍVEIS S.A.;Querosene de Aviação;204278136
201408;1004454790;AIR BP BRASIL LTDA;Gasolina de Aviação;565517
201408;1004454790;AIR BP BRASIL LTDA;Querosene de Aviação;59597244
201408;5034274233;PETROBRAS DISTRIBUIDORA S.A.;Gasolina de Aviação;8770336
201408;1007135653;GRAN PETRO DISTRIBUIDORA DE COMBUSTÍVEIS LTDA.;Gasolina de Aviação;360000
201408;1033453598;RAIZEN COMBUSTÍVEIS S.A.;Gasolina de Aviação;1940780
201408;1007135653;GRAN PETRO DISTRIBUIDORA DE COMBUSTÍVEIS LTDA.;Querosene de Aviação;15000
201409;5034274233;PETROBRAS DISTRIBUIDORA S.A.;Querosene de Aviação;569905928
201409;1033453598;RAIZEN COMBUSTÍVEIS S.A.;Querosene de Aviação;199879744
201409;1004454790;AIR BP BRASIL LTDA;Gasolina de Aviação;613178
201409;1004454790;AIR BP BRASIL LTDA;Querosene de Aviação;54953057
201409;5034274233;PETROBRAS DISTRIBUIDORA S.A.;Gasolina de Aviação;8437568
201409;1033453598;RAIZEN COMBUSTÍVEIS S.A.;Gasolina de Aviação;2085414
201409;1007135653;GRAN PETRO DISTRIBUIDORA DE COMBUSTÍVEIS LTDA.;Gasolina de Aviação;332000
201409;1007135653;GRAN PETRO DISTRIBUIDORA DE COMBUSTÍVEIS LTDA.;Querosene de Aviação;15000
201410;5034274233;PETROBRAS DISTRIBUIDORA S.A.;Querosene de Aviação;658302626
201410;1033453598;RAIZEN COMBUSTÍVEIS S.A.;Querosene de Aviação;208333821
201410;1004454790;AIR BP BRASIL LTDA;Gasolina de Aviação;567354
201410;1004454790;AIR BP BRASIL LTDA;Querosene de Aviação;55026070
201410;5034274233;PETROBRAS DISTRIBUIDORA S.A.;Gasolina de Aviação;7444702
201410;1007135653;GRAN PETRO DISTRIBUIDORA DE COMBUSTÍVEIS LTDA.;Gasolina de Aviação;473000
201410;1033453598;RAIZEN COMBUSTÍVEIS S.A.;Gasolina de Aviação;1840284
201410;1007135653;GRAN PETRO DISTRIBUIDORA DE COMBUSTÍVEIS LTDA.;Querosene de Aviação;5000
201411;5034274233;PETROBRAS DISTRIBUIDORA S.A.;Querosene de Aviação;537925000
201411;1033453598;RAIZEN COMBUSTÍVEIS S.A.;Querosene de Aviação;203601599
201411;1004454790;AIR BP BRASIL LTDA;Gasolina de Aviação;450291
201411;1004454790;AIR BP BRASIL LTDA;Querosene de Aviação;55606001
201411;5034274233;PETROBRAS DISTRIBUIDORA S.A.;Gasolina de Aviação;6148622
201411;1033453598;RAIZEN COMBUSTÍVEIS S.A.;Gasolina de Aviação;2147154
201411;1007135653;GRAN PETRO DISTRIBUIDORA DE COMBUSTÍVEIS LTDA.;Gasolina de Aviação;406000
201411;1007135653;GRAN PETRO DISTRIBUIDORA DE COMBUSTÍVEIS LTDA.;Querosene de Aviação;10000
201412;5034274233;PETROBRAS DISTRIBUIDORA S.A.;Querosene de Aviação;617817612
201412;1033453598;RAIZEN COMBUSTÍVEIS S.A.;Querosene de Aviação;209404948
201412;1004454790;AIR BP BRASIL LTDA;Gasolina de Aviação;464259
201412;1004454790;AIR BP BRASIL LTDA;Querosene de Aviação;60072452
201412;1033453598;RAIZEN COMBUSTÍVEIS S.A.;Gasolina de Aviação;2461596
201412;5034274233;PETROBRAS DISTRIBUIDORA S.A.;Gasolina de Aviação;6761019
201412;1007135653;GRAN PETRO DISTRIBUIDORA DE COMBUSTÍVEIS LTDA.;Gasolina de Aviação;405000
201412;1007135653;GRAN PETRO DISTRIBUIDORA DE COMBUSTÍVEIS LTDA.;Querosene de Aviação;15000
201501;5034274233;PETROBRAS DISTRIBUIDORA S.A.;Querosene de Aviação;552042285
201501;1033453598;RAIZEN COMBUSTÍVEIS S.A.;Querosene de Aviação;220933005
201501;1004454790;AIR BP BRASIL LTDA;Gasolina de Aviação;617221
201501;1004454790;AIR BP BRASIL LTDA;Querosene de Aviação;67885741
201501;1033453598;RAIZEN COMBUSTÍVEIS S.A.;Gasolina de Aviação;2638701
201501;5034274233;PETROBRAS DISTRIBUIDORA S.A.;Gasolina de Aviação;8170389
201501;1007135653;GRAN PETRO DISTRIBUIDORA DE COMBUSTÍVEIS LTDA.;Gasolina de Aviação;536000
201502;5034274233;PETROBRAS DISTRIBUIDORA S.A.;Querosene de Aviação;521012727
201502;1033453598;RAIZEN COMBUSTÍVEIS S.A.;Querosene de Aviação;188928946
201502;1004454790;AIR BP BRASIL LTDA;Gasolina de Aviação;416840
201502;1004454790;AIR BP BRASIL LTDA;Querosene de Aviação;60298307
201502;5034274233;PETROBRAS DISTRIBUIDORA S.A.;Gasolina de Aviação;5296392
201502;1033453598;RAIZEN COMBUSTÍVEIS S.A.;Gasolina de Aviação;1946736
201502;1007135653;GRAN PETRO DISTRIBUIDORA DE COMBUSTÍVEIS LTDA.;Gasolina de Aviação;506000
201503;5034274233;PETROBRAS DISTRIBUIDORA S.A.;Querosene de Aviação;503451825
201503;1033453598;RAIZEN COMBUSTÍVEIS S.A.;Querosene de Aviação;205316211
201503;1004454790;AIR BP BRASIL LTDA;Gasolina de Aviação;476658
201503;1004454790;AIR BP BRASIL LTDA;Querosene de Aviação;69151416
201503;1007135653;GRAN PETRO DISTRIBUIDORA DE COMBUSTÍVEIS LTDA.;Gasolina de Aviação;592999
201503;1033453598;RAIZEN COMBUSTÍVEIS S.A.;Gasolina de Aviação;2074313
201503;5034274233;PETROBRAS DISTRIBUIDORA S.A.;Gasolina de Aviação;4665105
201504;5034274233;PETROBRAS DISTRIBUIDORA S.A.;Querosene de Aviação;503411099
201504;1033453598;RAIZEN COMBUSTÍVEIS S.A.;Querosene de Aviação;191478085
201504;1004454790;AIR BP BRASIL LTDA;Gasolina de Aviação;371934
201504;1004454790;AIR BP BRASIL LTDA;Querosene de Aviação;66170753
201504;5034274233;PETROBRAS DISTRIBUIDORA S.A.;Gasolina de Aviação;7267486
201504;1033453598;RAIZEN COMBUSTÍVEIS S.A.;Gasolina de Aviação;2028163
201504;1007135653;GRAN PETRO DISTRIBUIDORA DE COMBUSTÍVEIS LTDA.;Gasolina de Aviação;211000
201505;5034274233;PETROBRAS DISTRIBUIDORA S.A.;Querosene de Aviação;509605719
201505;1033453598;RAIZEN COMBUSTÍVEIS S.A.;Querosene de Aviação;194413588
201505;1004454790;AIR BP BRASIL LTDA;Gasolina de Aviação;384908
201505;1004454790;AIR BP BRASIL LTDA;Querosene de Aviação;71729768
201505;1007135653;GRAN PETRO DISTRIBUIDORA DE COMBUSTÍVEIS LTDA.;Gasolina de Aviação;516000
201505;5034274233;PETROBRAS DISTRIBUIDORA S.A.;Gasolina de Aviação;4566519
201505;1033453598;RAIZEN COMBUSTÍVEIS S.A.;Gasolina de Aviação;1671764
201505;1007135653;GRAN PETRO DISTRIBUIDORA DE COMBUSTÍVEIS LTDA.;Querosene de Aviação;158000
201506;5034274233;PETROBRAS DISTRIBUIDORA S.A.;Querosene de Aviação;518226451
201506;1033453598;RAIZEN COMBUSTÍVEIS S.A.;Querosene de Aviação;185851051
201506;1004454790;AIR BP BRASIL LTDA;Gasolina de Aviação;462586
201506;1004454790;AIR BP BRASIL LTDA;Querosene de Aviação;68997279
201506;1033453598;RAIZEN COMBUSTÍVEIS S.A.;Gasolina de Aviação;1389639
201506;5034274233;PETROBRAS DISTRIBUIDORA S.A.;Gasolina de Aviação;11418923
201506;1007135653;GRAN PETRO DISTRIBUIDORA DE COMBUSTÍVEIS LTDA.;Gasolina de Aviação;411000
201506;1007135653;GRAN PETRO DISTRIBUIDORA DE COMBUSTÍVEIS LTDA.;Querosene de Aviação;115000
201507;5034274233;PETROBRAS DISTRIBUIDORA S.A.;Querosene de Aviação;545371161
201507;1033453598;RAIZEN COMBUSTÍVEIS S.A.;Querosene de Aviação;218492282
201507;1004454790;AIR BP BRASIL LTDA;Gasolina de Aviação;366009
201507;1004454790;AIR BP BRASIL LTDA;Querosene de Aviação;73027141
201507;1033453598;RAIZEN COMBUSTÍVEIS S.A.;Gasolina de Aviação;1585235
201507;5034274233;PETROBRAS DISTRIBUIDORA S.A.;Gasolina de Aviação;3376535
201507;1007135653;GRAN PETRO DISTRIBUIDORA DE COMBUSTÍVEIS LTDA.;Gasolina de Aviação;471000
201507;1007135653;GRAN PETRO DISTRIBUIDORA DE COMBUSTÍVEIS LTDA.;Querosene de Aviação;96000
201508;5034274233;PETROBRAS DISTRIBUIDORA S.A.;Querosene de Aviação;520529462
201508;1033453598;RAIZEN COMBUSTÍVEIS S.A.;Querosene de Aviação;200494829
201508;1004454790;AIR BP BRASIL LTDA;Gasolina de Aviação;471463
201508;1004454790;AIR BP BRASIL LTDA;Querosene de Aviação;70872966
201508;5034274233;PETROBRAS DISTRIBUIDORA S.A.;Gasolina de Aviação;4946988
201508;1033453598;RAIZEN COMBUSTÍVEIS S.A.;Gasolina de Aviação;1596365
201508;1007135653;GRAN PETRO DISTRIBUIDORA DE COMBUSTÍVEIS LTDA.;Gasolina de Aviação;418000
201508;1007135653;GRAN PETRO DISTRIBUIDORA DE COMBUSTÍVEIS LTDA.;Querosene de Aviação;175000
201509;5034274233;PETROBRAS DISTRIBUIDORA S.A.;Querosene de Aviação;548799706
201509;1033453598;RAIZEN COMBUSTÍVEIS S.A.;Querosene de Aviação;193406344
201509;1004454790;AIR BP BRASIL LTDA;Gasolina de Aviação;466369
201509;1004454790;AIR BP BRASIL LTDA;Querosene de Aviação;66573586
201509;5034274233;PETROBRAS DISTRIBUIDORA S.A.;Gasolina de Aviação;7939521
201509;1033453598;RAIZEN COMBUSTÍVEIS S.A.;Gasolina de Aviação;1409863
201509;1007135653;GRAN PETRO DISTRIBUIDORA DE COMBUSTÍVEIS LTDA.;Gasolina de Aviação;569000
201509;1007135653;GRAN PETRO DISTRIBUIDORA DE COMBUSTÍVEIS LTDA.;Querosene de Aviação;140000
201510;5034274233;PETROBRAS DISTRIBUIDORA S.A.;Querosene de Aviação;510383965
201510;1033453598;RAIZEN COMBUSTÍVEIS S.A.;Querosene de Aviação;201526254
201510;1004454790;AIR BP BRASIL LTDA;Gasolina de Aviação;403206
201510;1004454790;AIR BP BRASIL LTDA;Querosene de Aviação;68799789
201510;5034274233;PETROBRAS DISTRIBUIDORA S.A.;Gasolina de Aviação;3960979
201510;1033453598;RAIZEN COMBUSTÍVEIS S.A.;Gasolina de Aviação;1535204
201510;1007135653;GRAN PETRO DISTRIBUIDORA DE COMBUSTÍVEIS LTDA.;Gasolina de Aviação;546000
201510;1007135653;GRAN PETRO DISTRIBUIDORA DE COMBUSTÍVEIS LTDA.;Querosene de Aviação;239000
201511;5034274233;PETROBRAS DISTRIBUIDORA S.A.;Querosene de Aviação;464017549
201511;1033453598;RAIZEN COMBUSTÍVEIS S.A.;Querosene de Aviação;182112722
201511;1004454790;AIR BP BRASIL LTDA;Gasolina de Aviação;429102
201511;1004454790;AIR BP BRASIL LTDA;Querosene de Aviação;69969061
201511;5034274233;PETROBRAS DISTRIBUIDORA S.A.;Gasolina de Aviação;2745839
201511;1033453598;RAIZEN COMBUSTÍVEIS S.A.;Gasolina de Aviação;1439269
201511;1007135653;GRAN PETRO DISTRIBUIDORA DE COMBUSTÍVEIS LTDA.;Gasolina de Aviação;485000
201511;1007135653;GRAN PETRO DISTRIBUIDORA DE COMBUSTÍVEIS LTDA.;Querosene de Aviação;340000
201512;5034274233;PETROBRAS DISTRIBUIDORA S.A.;Querosene de Aviação;515962456
201512;1033453598;RAIZEN COMBUSTÍVEIS S.A.;Querosene de Aviação;194270276
201512;1004454790;AIR BP BRASIL LTDA;Gasolina de Aviação;453766
201512;1004454790;AIR BP BRASIL LTDA;Querosene de Aviação;79106237
201512;5034274233;PETROBRAS DISTRIBUIDORA S.A.;Gasolina de Aviação;5201664
201512;1007135653;GRAN PETRO DISTRIBUIDORA DE COMBUSTÍVEIS LTDA.;Gasolina de Aviação;605000
201512;1033453598;RAIZEN COMBUSTÍVEIS S.A.;Gasolina de Aviação;1849989
201512;1007135653;GRAN PETRO DISTRIBUIDORA DE COMBUSTÍVEIS LTDA.;Querosene de Aviação;360000
201601;5034274233;PETROBRAS DISTRIBUIDORA S.A.;Querosene de Aviação;576494338
201601;1033453598;RAIZEN COMBUSTÍVEIS S.A.;Querosene de Aviação;212218946
201601;1004454790;AIR BP BRASIL LTDA;Gasolina de Aviação;389302
201601;1001125282;PETROBAHIA S/A;Querosene de Aviação;210000
201601;1004454790;AIR BP BRASIL LTDA;Querosene de Aviação;74712763
201601;1033453598;RAIZEN COMBUSTÍVEIS S.A.;Gasolina de Aviação;1944572
201601;5034274233;PETROBRAS DISTRIBUIDORA S.A.;Gasolina de Aviação;9417068
201601;1007135653;GRAN PETRO DISTRIBUIDORA DE COMBUSTÍVEIS LTDA.;Gasolina de Aviação;550000
201601;1007135653;GRAN PETRO DISTRIBUIDORA DE COMBUSTÍVEIS LTDA.;Querosene de Aviação;325000
201602;5034274233;PETROBRAS DISTRIBUIDORA S.A.;Querosene de Aviação;518728862
201602;1033453598;RAIZEN COMBUSTÍVEIS S.A.;Querosene de Aviação;184368144
201602;1004454790;AIR BP BRASIL LTDA;Gasolina de Aviação;474281
201602;1001125282;PETROBAHIA S/A;Querosene de Aviação;336000
201602;1004454790;AIR BP BRASIL LTDA;Querosene de Aviação;68998477
201602;1007135653;GRAN PETRO DISTRIBUIDORA DE COMBUSTÍVEIS LTDA.;Gasolina de Aviação;565001
201602;1033453598;RAIZEN COMBUSTÍVEIS S.A.;Gasolina de Aviação;1654124
201602;5034274233;PETROBRAS DISTRIBUIDORA S.A.;Gasolina de Aviação;3096341
201602;1007135653;GRAN PETRO DISTRIBUIDORA DE COMBUSTÍVEIS LTDA.;Querosene de Aviação;150115
201603;5034274233;PETROBRAS DISTRIBUIDORA S.A.;Querosene de Aviação;417140065
201603;1033453598;RAIZEN COMBUSTÍVEIS S.A.;Querosene de Aviação;194951520
201603;1001125282;PETROBAHIA S/A;Querosene de Aviação;192000
201603;1004454790;AIR BP BRASIL LTDA;Gasolina de Aviação;493509
201603;1004454790;AIR BP BRASIL LTDA;Querosene de Aviação;71276515
201603;5034274233;PETROBRAS DISTRIBUIDORA S.A.;Gasolina de Aviação;4875475
201603;1033453598;RAIZEN COMBUSTÍVEIS S.A.;Gasolina de Aviação;2021612
201603;1007135653;GRAN PETRO DISTRIBUIDORA DE COMBUSTÍVEIS LTDA.;Gasolina de Aviação;501000
201603;1007135653;GRAN PETRO DISTRIBUIDORA DE COMBUSTÍVEIS LTDA.;Querosene de Aviação;245076
201604;5034274233;PETROBRAS DISTRIBUIDORA S.A.;Querosene de Aviação;388822815
201604;1033453598;RAIZEN COMBUSTÍVEIS S.A.;Querosene de Aviação;178265880
201604;1004454790;AIR BP BRASIL LTDA;Gasolina de Aviação;472530
201604;1001125282;PETROBAHIA S/A;Querosene de Aviação;64000
201604;1004454790;AIR BP BRASIL LTDA;Querosene de Aviação;66236246
201604;5034274233;PETROBRAS DISTRIBUIDORA S.A.;Gasolina de Aviação;2449189
201604;1007135653;GRAN PETRO DISTRIBUIDORA DE COMBUSTÍVEIS LTDA.;Gasolina de Aviação;63000
201604;1033453598;RAIZEN COMBUSTÍVEIS S.A.;Gasolina de Aviação;1725416
201604;1007135653;GRAN PETRO DISTRIBUIDORA DE COMBUSTÍVEIS LTDA.;Querosene de Aviação;250000
201605;5034274233;PETROBRAS DISTRIBUIDORA S.A.;Querosene de Aviação;402759329
201605;1033453598;RAIZEN COMBUSTÍVEIS S.A.;Querosene de Aviação;178187870
201605;1004454790;AIR BP BRASIL LTDA;Gasolina de Aviação;519691
201605;1001125282;PETROBAHIA S/A;Querosene de Aviação;150586
201605;1004454790;AIR BP BRASIL LTDA;Querosene de Aviação;69137603
201605;1007135653;GRAN PETRO DISTRIBUIDORA DE COMBUSTÍVEIS LTDA.;Gasolina de Aviação;420000
201605;1033453598;RAIZEN COMBUSTÍVEIS S.A.;Gasolina de Aviação;1617853
201605;5034274233;PETROBRAS DISTRIBUIDORA S.A.;Gasolina de Aviação;2279762
201605;1007135653;GRAN PETRO DISTRIBUIDORA DE COMBUSTÍVEIS LTDA.;Querosene de Aviação;150000
201606;5034274233;PETROBRAS DISTRIBUIDORA S.A.;Querosene de Aviação;388247555
201606;1033453598;RAIZEN COMBUSTÍVEIS S.A.;Querosene de Aviação;173588776
201606;1004454790;AIR BP BRASIL LTDA;Gasolina de Aviação;390227
201606;1001125282;PETROBAHIA S/A;Querosene de Aviação;30000
201606;1004454790;AIR BP BRASIL LTDA;Querosene de Aviação;66263627
201606;5034274233;PETROBRAS DISTRIBUIDORA S.A.;Gasolina de Aviação;1809047
201606;1007135653;GRAN PETRO DISTRIBUIDORA DE COMBUSTÍVEIS LTDA.;Gasolina de Aviação;395000
201606;1033453598;RAIZEN COMBUSTÍVEIS S.A.;Gasolina de Aviação;1399246
201606;1007135653;GRAN PETRO DISTRIBUIDORA DE COMBUSTÍVEIS LTDA.;Querosene de Aviação;171000
201607;5034274233;PETROBRAS DISTRIBUIDORA S.A.;Querosene de Aviação;405513305
201607;1033453598;RAIZEN COMBUSTÍVEIS S.A.;Querosene de Aviação;189431170
201607;1004454790;AIR BP BRASIL LTDA;Gasolina de Aviação;475134
201607;1001125282;PETROBAHIA S/A;Querosene de Aviação;45314
201607;1004454790;AIR BP BRASIL LTDA;Querosene de Aviação;76670334
201607;1033453598;RAIZEN COMBUSTÍVEIS S.A.;Gasolina de Aviação;1595762
201607;1007135653;GRAN PETRO DISTRIBUIDORA DE COMBUSTÍVEIS LTDA.;Gasolina de Aviação;369000
201607;5034274233;PETROBRAS DISTRIBUIDORA S.A.;Gasolina de Aviação;2216401
201607;1007135653;GRAN PETRO DISTRIBUIDORA DE COMBUSTÍVEIS LTDA.;Querosene de Aviação;310000
201608;5034274233;PETROBRAS DISTRIBUIDORA S.A.;Querosene de Aviação;407047139
201608;1033453598;RAIZEN COMBUSTÍVEIS S.A.;Querosene de Aviação;189036667
201608;1004454790;AIR BP BRASIL LTDA;Gasolina de Aviação;464340
201608;1001125282;PETROBAHIA S/A;Querosene de Aviação;45000
201608;1004454790;AIR BP BRASIL LTDA;Querosene de Aviação;79116304
201608;1007135653;GRAN PETRO DISTRIBUIDORA DE COMBUSTÍVEIS LTDA.;Gasolina de Aviação;435000
201608;5034274233;PETROBRAS DISTRIBUIDORA S.A.;Gasolina de Aviação;2625631
201608;1033453598;RAIZEN COMBUSTÍVEIS S.A.;Gasolina de Aviação;1659901
201608;1007135653;GRAN PETRO DISTRIBUIDORA DE COMBUSTÍVEIS LTDA.;Querosene de Aviação;203000
201609;5034274233;PETROBRAS DISTRIBUIDORA S.A.;Querosene de Aviação;402821561
201609;1033453598;RAIZEN COMBUSTÍVEIS S.A.;Querosene de Aviação;172144981
201609;1004454790;AIR BP BRASIL LTDA;Gasolina de Aviação;519191
201609;1001125282;PETROBAHIA S/A;Querosene de Aviação;62000
201609;1004454790;AIR BP BRASIL LTDA;Querosene de Aviação;69067173
201609;5034274233;PETROBRAS DISTRIBUIDORA S.A.;Gasolina de Aviação;2728280
201609;1007135653;GRAN PETRO DISTRIBUIDORA DE COMBUSTÍVEIS LTDA.;Gasolina de Aviação;361000
201609;1033453598;RAIZEN COMBUSTÍVEIS S.A.;Gasolina de Aviação;1830280
201610;5034274233;PETROBRAS DISTRIBUIDORA S.A.;Querosene de Aviação;392675920
201610;1033453598;RAIZEN COMBUSTÍVEIS S.A.;Querosene de Aviação;183413886
201610;1004454790;AIR BP BRASIL LTDA;Gasolina de Aviação;475206
201610;1001125282;PETROBAHIA S/A;Querosene de Aviação;120000
201610;1004454790;AIR BP BRASIL LTDA;Querosene de Aviação;69568670
201610;1007135653;GRAN PETRO DISTRIBUIDORA DE COMBUSTÍVEIS LTDA.;Gasolina de Aviação;435000
201610;5034274233;PETROBRAS DISTRIBUIDORA S.A.;Gasolina de Aviação;1915055
201610;1033453598;RAIZEN COMBUSTÍVEIS S.A.;Gasolina de Aviação;1633646
201610;1007135653;GRAN PETRO DISTRIBUIDORA DE COMBUSTÍVEIS LTDA.;Querosene de Aviação;235000
201611;5034274233;PETROBRAS DISTRIBUIDORA S.A.;Querosene de Aviação;390812012
201611;1033453598;RAIZEN COMBUSTÍVEIS S.A.;Querosene de Aviação;171244301
201611;1004454790;AIR BP BRASIL LTDA;Gasolina de Aviação;445975
201611;1001125282;PETROBAHIA S/A;Querosene de Aviação;291000
201611;1004454790;AIR BP BRASIL LTDA;Querosene de Aviação;66347027
201611;1007135653;GRAN PETRO DISTRIBUIDORA DE COMBUSTÍVEIS LTDA.;Gasolina de Aviação;444000
201611;5034274233;PETROBRAS DISTRIBUIDORA S.A.;Gasolina de Aviação;2003654
201611;1033453598;RAIZEN COMBUSTÍVEIS S.A.;Gasolina de Aviação;1659797
201611;1007135653;GRAN PETRO DISTRIBUIDORA DE COMBUSTÍVEIS LTDA.;Querosene de Aviação;215000
201612;5034274233;PETROBRAS DISTRIBUIDORA S.A.;Querosene de Aviação;434997977
201612;1033453598;RAIZEN COMBUSTÍVEIS S.A.;Querosene de Aviação;184040002
201612;1004454790;AIR BP BRASIL LTDA;Gasolina de Aviação;459081
201612;1001125282;PETROBAHIA S/A;Querosene de Aviação;490000
201612;1004454790;AIR BP BRASIL LTDA;Querosene de Aviação;67341908
201612;1007135653;GRAN PETRO DISTRIBUIDORA DE COMBUSTÍVEIS LTDA.;Gasolina de Aviação;485000
201612;5034274233;PETROBRAS DISTRIBUIDORA S.A.;Gasolina de Aviação;2660956
201612;1033453598;RAIZEN COMBUSTÍVEIS S.A.;Gasolina de Aviação;2349299
201612;1007135653;GRAN PETRO DISTRIBUIDORA DE COMBUSTÍVEIS LTDA.;Querosene de Aviação;215000
201701;5034274233;PETROBRAS DISTRIBUIDORA S.A.;Querosene de Aviação;354471186
201701;1033453598;RAIZEN COMBUSTÍVEIS S.A.;Querosene de Aviação;184554368
201701;1004454790;AIR BP BRASIL LTDA;Gasolina de Aviação;372344
201701;1001125282;PETROBAHIA S/A;Querosene de Aviação;350000
201701;1004454790;AIR BP BRASIL LTDA;Querosene de Aviação;71810680
201701;1007135653;GRAN PETRO DISTRIBUIDORA DE COMBUSTÍVEIS LTDA.;Gasolina de Aviação;349000
201701;1033453598;RAIZEN COMBUSTÍVEIS S.A.;Gasolina de Aviação;1716582
201701;5034274233;PETROBRAS DISTRIBUIDORA S.A.;Gasolina de Aviação;1930584
201702;5034274233;PETROBRAS DISTRIBUIDORA S.A.;Querosene de Aviação;285608187
201702;1033453598;RAIZEN COMBUSTÍVEIS S.A.;Querosene de Aviação;156816119
201702;1004454790;AIR BP BRASIL LTDA;Gasolina de Aviação;427557
201702;1001125282;PETROBAHIA S/A;Querosene de Aviação;510000
201702;1004454790;AIR BP BRASIL LTDA;Querosene de Aviação;61898317
201702;1007135653;GRAN PETRO DISTRIBUIDORA DE COMBUSTÍVEIS LTDA.;Gasolina de Aviação;565000
201702;5034274233;PETROBRAS DISTRIBUIDORA S.A.;Gasolina de Aviação;1967727
201702;1033453598;RAIZEN COMBUSTÍVEIS S.A.;Gasolina de Aviação;1575827
201703;5034274233;PETROBRAS DISTRIBUIDORA S.A.;Querosene de Aviação;323431392
201703;1033453598;RAIZEN COMBUSTÍVEIS S.A.;Querosene de Aviação;186796509
201703;1004454790;AIR BP BRASIL LTDA;Gasolina de Aviação;490357
201703;1001125282;PETROBAHIA S/A;Querosene de Aviação;363000
201703;1004454790;AIR BP BRASIL LTDA;Querosene de Aviação;68267286
201703;1007135653;GRAN PETRO DISTRIBUIDORA DE COMBUSTÍVEIS LTDA.;Gasolina de Aviação;530000
201703;1033453598;RAIZEN COMBUSTÍVEIS S.A.;Gasolina de Aviação;1975867
201703;5034274233;PETROBRAS DISTRIBUIDORA S.A.;Gasolina de Aviação;2189520
201703;1007135653;GRAN PETRO DISTRIBUIDORA DE COMBUSTÍVEIS LTDA.;Querosene de Aviação;170000
201704;5034274233;PETROBRAS DISTRIBUIDORA S.A.;Querosene de Aviação;292946677
201704;1033453598;RAIZEN COMBUSTÍVEIS S.A.;Querosene de Aviação;162743374
201704;1022899533;AIR BP PETROBAHIA LTDA.;Querosene de Aviação;99000
201704;1004454790;AIR BP BRASIL LTDA;Gasolina de Aviação;499181
201704;1001125282;PETROBAHIA S/A;Querosene de Aviação;374236
201704;1004454790;AIR BP BRASIL LTDA;Querosene de Aviação;64506726
201704;5034274233;PETROBRAS DISTRIBUIDORA S.A.;Gasolina de Aviação;1512878
201704;1007135653;GRAN PETRO DISTRIBUIDORA DE COMBUSTÍVEIS LTDA.;Gasolina de Aviação;405000
201704;1033453598;RAIZEN COMBUSTÍVEIS S.A.;Gasolina de Aviação;1584842
201704;1007135653;GRAN PETRO DISTRIBUIDORA DE COMBUSTÍVEIS LTDA.;Querosene de Aviação;160000
201705;5034274233;PETROBRAS DISTRIBUIDORA S.A.;Querosene de Aviação;306805860
201705;1022899533;AIR BP PETROBAHIA LTDA.;Querosene de Aviação;140000
201705;1033453598;RAIZEN COMBUSTÍVEIS S.A.;Querosene de Aviação;170170989
201705;1004454790;AIR BP BRASIL LTDA;Gasolina de Aviação;473996
201705;1001125282;PETROBAHIA S/A;Querosene de Aviação;100000
201705;1004454790;AIR BP BRASIL LTDA;Querosene de Aviação;67354416
201705;1007135653;GRAN PETRO DISTRIBUIDORA DE COMBUSTÍVEIS LTDA.;Gasolina de Aviação;505000
201705;5034274233;PETROBRAS DISTRIBUIDORA S.A.;Gasolina de Aviação;1620171
201705;1033453598;RAIZEN COMBUSTÍVEIS S.A.;Gasolina de Aviação;1457456
201705;1007135653;GRAN PETRO DISTRIBUIDORA DE COMBUSTÍVEIS LTDA.;Querosene de Aviação;102000
201706;5034274233;PETROBRAS DISTRIBUIDORA S.A.;Querosene de Aviação;302681254
201706;1033453598;RAIZEN COMBUSTÍVEIS S.A.;Querosene de Aviação;161968787
201706;1022899533;AIR BP PETROBAHIA LTDA.;Querosene de Aviação;168256
201706;1004454790;AIR BP BRASIL LTDA;Gasolina de Aviação;508146
201706;1004454790;AIR BP BRASIL LTDA;Querosene de Aviação;66716853
201706;1033453598;RAIZEN COMBUSTÍVEIS S.A.;Gasolina de Aviação;1778512
201706;5034274233;PETROBRAS DISTRIBUIDORA S.A.;Gasolina de Aviação;1419559
201706;1007135653;GRAN PETRO DISTRIBUIDORA DE COMBUSTÍVEIS LTDA.;Gasolina de Aviação;405000
201706;1007135653;GRAN PETRO DISTRIBUIDORA DE COMBUSTÍVEIS LTDA.;Querosene de Aviação;270000
201707;5034274233;PETROBRAS DISTRIBUIDORA S.A.;Querosene de Aviação;342296441
201707;1033453598;RAIZEN COMBUSTÍVEIS S.A.;Querosene de Aviação;180043485
201707;1022899533;AIR BP PETROBAHIA LTDA.;Querosene de Aviação;112795
201707;1004454790;AIR BP BRASIL LTDA;Gasolina de Aviação;483155
201707;1004454790;AIR BP BRASIL LTDA;Querosene de Aviação;71948982
201707;1007135653;GRAN PETRO DISTRIBUIDORA DE COMBUSTÍVEIS LTDA.;Gasolina de Aviação;485000
201707;5034274233;PETROBRAS DISTRIBUIDORA S.A.;Gasolina de Aviação;1745655
201707;1033453598;RAIZEN COMBUSTÍVEIS S.A.;Gasolina de Aviação;1698558
201707;1007135653;GRAN PETRO DISTRIBUIDORA DE COMBUSTÍVEIS LTDA.;Querosene de Aviação;310000
201708;5034274233;PETROBRAS DISTRIBUIDORA S.A.;Querosene de Aviação;326159211
201708;1033453598;RAIZEN COMBUSTÍVEIS S.A.;Querosene de Aviação;177902003
201708;1022899533;AIR BP PETROBAHIA LTDA.;Querosene de Aviação;98852
201708;1004454790;AIR BP BRASIL LTDA;Gasolina de Aviação;552078
201708;1004454790;AIR BP BRASIL LTDA;Querosene de Aviação;70932022
201708;5034274233;PETROBRAS DISTRIBUIDORA S.A.;Gasolina de Aviação;1508950
201708;1007135653;GRAN PETRO DISTRIBUIDORA DE COMBUSTÍVEIS LTDA.;Gasolina de Aviação;370000
201708;1033453598;RAIZEN COMBUSTÍVEIS S.A.;Gasolina de Aviação;1444443
201708;1007135653;GRAN PETRO DISTRIBUIDORA DE COMBUSTÍVEIS LTDA.;Querosene de Aviação;240000
201709;5034274233;PETROBRAS DISTRIBUIDORA S.A.;Querosene de Aviação;307182839
201709;1033453598;RAIZEN COMBUSTÍVEIS S.A.;Querosene de Aviação;170883847
201709;1022899533;AIR BP PETROBAHIA LTDA.;Querosene de Aviação;183778
201709;1004454790;AIR BP BRASIL LTDA;Gasolina de Aviação;539817
201709;1004454790;AIR BP BRASIL LTDA;Querosene de Aviação;71762225
201709;5034274233;PETROBRAS DISTRIBUIDORA S.A.;Gasolina de Aviação;1923434
201709;1033453598;RAIZEN COMBUSTÍVEIS S.A.;Gasolina de Aviação;1791343
201709;1007135653;GRAN PETRO DISTRIBUIDORA DE COMBUSTÍVEIS LTDA.;Gasolina de Aviação;520000
201709;1007135653;GRAN PETRO DISTRIBUIDORA DE COMBUSTÍVEIS LTDA.;Querosene de Aviação;329894
201710;5034274233;PETROBRAS DISTRIBUIDORA S.A.;Querosene de Aviação;324621769
201710;1033453598;RAIZEN COMBUSTÍVEIS S.A.;Querosene de Aviação;180746207
201710;1022899533;AIR BP PETROBAHIA LTDA.;Querosene de Aviação;217482
201710;1004454790;AIR BP BRASIL LTDA;Gasolina de Aviação;391598
201710;1001125282;PETROBAHIA S/A;Querosene de Aviação;147000
201710;1004454790;AIR BP BRASIL LTDA;Querosene de Aviação;71784137
201710;1007135653;GRAN PETRO DISTRIBUIDORA DE COMBUSTÍVEIS LTDA.;Gasolina de Aviação;455000
201710;5034274233;PETROBRAS DISTRIBUIDORA S.A.;Gasolina de Aviação;1585950
201710;1033453598;RAIZEN COMBUSTÍVEIS S.A.;Gasolina de Aviação;1368046
201710;1007135653;GRAN PETRO DISTRIBUIDORA DE COMBUSTÍVEIS LTDA.;Querosene de Aviação;450000
201711;5034274233;PETROBRAS DISTRIBUIDORA S.A.;Querosene de Aviação;318661205
201711;1033453598;RAIZEN COMBUSTÍVEIS S.A.;Querosene de Aviação;175686112
201711;1022899533;AIR BP PETROBAHIA LTDA.;Querosene de Aviação;295180
201711;1001125282;PETROBAHIA S/A;Querosene de Aviação;10427
201711;1004454790;AIR BP BRASIL LTDA;Gasolina de Aviação;481143
201711;1004454790;AIR BP BRASIL LTDA;Querosene de Aviação;72264522
201711;5034274233;PETROBRAS DISTRIBUIDORA S.A.;Gasolina de Aviação;1721974
201711;1033453598;RAIZEN COMBUSTÍVEIS S.A.;Gasolina de Aviação;1785060
201711;1007135653;GRAN PETRO DISTRIBUIDORA DE COMBUSTÍVEIS LTDA.;Gasolina de Aviação;495000
201711;1007135653;GRAN PETRO DISTRIBUIDORA DE COMBUSTÍVEIS LTDA.;Querosene de Aviação;530000
201712;5034274233;PETROBRAS DISTRIBUIDORA S.A.;Querosene de Aviação;348677370
201712;1022899533;AIR BP PETROBAHIA LTDA.;Querosene de Aviação;985476
201712;1033453598;RAIZEN COMBUSTÍVEIS S.A.;Querosene de Aviação;190257509
201712;1004454790;AIR BP BRASIL LTDA;Gasolina de Aviação;468328
201712;1004454790;AIR BP BRASIL LTDA;Querosene de Aviação;77553430
201712;5034274233;PETROBRAS DISTRIBUIDORA S.A.;Gasolina de Aviação;1774600
201712;1007135653;GRAN PETRO DISTRIBUIDORA DE COMBUSTÍVEIS LTDA.;Gasolina de Aviação;550000
201712;1033453598;RAIZEN COMBUSTÍVEIS S.A.;Gasolina de Aviação;1548771
201712;1007135653;GRAN PETRO DISTRIBUIDORA DE COMBUSTÍVEIS LTDA.;Querosene de Aviação;505000
201801;5034274233;PETROBRAS DISTRIBUIDORA S.A.;Querosene de Aviação;370810376
201801;1022899533;AIR BP PETROBAHIA LTDA.;Gasolina de Aviação;5017
201801;1033453598;RAIZEN COMBUSTÍVEIS S.A.;Querosene de Aviação;200708046
201801;1022899533;AIR BP PETROBAHIA LTDA.;Querosene de Aviação;1256309
201801;1004454790;AIR BP BRASIL LTDA;Gasolina de Aviação;470482
201801;1004454790;AIR BP BRASIL LTDA;Querosene de Aviação;78007181
201801;1007135653;GRAN PETRO DISTRIBUIDORA DE COMBUSTÍVEIS LTDA.;Gasolina de Aviação;590000
201801;1033453598;RAIZEN COMBUSTÍVEIS S.A.;Gasolina de Aviação;1934451
201801;5034274233;PETROBRAS DISTRIBUIDORA S.A.;Gasolina de Aviação;1984013
201801;1007135653;GRAN PETRO DISTRIBUIDORA DE COMBUSTÍVEIS LTDA.;Querosene de Aviação;65000
201802;5034274233;PETROBRAS DISTRIBUIDORA S.A.;Querosene de Aviação;299611902
201802;1022899533;AIR BP PETROBAHIA LTDA.;Gasolina de Aviação;5097
201802;1033453598;RAIZEN COMBUSTÍVEIS S.A.;Querosene de Aviação;171503470
201802;1022899533;AIR BP PETROBAHIA LTDA.;Querosene de Aviação;990814
201802;1004454790;AIR BP BRASIL LTDA;Gasolina de Aviação;363018
201802;1004454790;AIR BP BRASIL LTDA;Querosene de Aviação;65488710
201802;1007135653;GRAN PETRO DISTRIBUIDORA DE COMBUSTÍVEIS LTDA.;Gasolina de Aviação;387000
201802;5034274233;PETROBRAS DISTRIBUIDORA S.A.;Gasolina de Aviação;1565900
201802;1033453598;RAIZEN COMBUSTÍVEIS S.A.;Gasolina de Aviação;1357563
201802;1007135653;GRAN PETRO DISTRIBUIDORA DE COMBUSTÍVEIS LTDA.;Querosene de Aviação;23900
201803;5034274233;PETROBRAS DISTRIBUIDORA S.A.;Querosene de Aviação;317507020
201803;1022899533;AIR BP PETROBAHIA LTDA.;Gasolina de Aviação;5372
201803;1033453598;RAIZEN COMBUSTÍVEIS S.A.;Querosene de Aviação;188168195
201803;1022899533;AIR BP PETROBAHIA LTDA.;Querosene de Aviação;770916
201803;1004454790;AIR BP BRASIL LTDA;Gasolina de Aviação;444373
201803;1004454790;AIR BP BRASIL LTDA;Querosene de Aviação;74361357
201803;1007135653;GRAN PETRO DISTRIBUIDORA DE COMBUSTÍVEIS LTDA.;Gasolina de Aviação;676000
201803;5034274233;PETROBRAS DISTRIBUIDORA S.A.;Gasolina de Aviação;1723050
201803;1033453598;RAIZEN COMBUSTÍVEIS S.A.;Gasolina de Aviação;1832044
201803;1007135653;GRAN PETRO DISTRIBUIDORA DE COMBUSTÍVEIS LTDA.;Querosene de Aviação;40000
201804;5034274233;PETROBRAS DISTRIBUIDORA S.A.;Querosene de Aviação;317798547
201804;1022899533;AIR BP PETROBAHIA LTDA.;Gasolina de Aviação;3060
201804;1033453598;RAIZEN COMBUSTÍVEIS S.A.;Querosene de Aviação;179278605
201804;1022899533;AIR BP PETROBAHIA LTDA.;Querosene de Aviação;388729
201804;1004454790;AIR BP BRASIL LTDA;Gasolina de Aviação;522440
201804;1004454790;AIR BP BRASIL LTDA;Querosene de Aviação;73499242
201804;1007135653;GRAN PETRO DISTRIBUIDORA DE COMBUSTÍVEIS LTDA.;Gasolina de Aviação;578000
201804;5034274233;PETROBRAS DISTRIBUIDORA S.A.;Gasolina de Aviação;1513050
201804;1033453598;RAIZEN COMBUSTÍVEIS S.A.;Gasolina de Aviação;1838180
201804;1007135653;GRAN PETRO DISTRIBUIDORA DE COMBUSTÍVEIS LTDA.;Querosene de Aviação;319460
201805;5034274233;PETROBRAS DISTRIBUIDORA S.A.;Querosene de Aviação;321521700
201805;1022899533;AIR BP PETROBAHIA LTDA.;Gasolina de Aviação;5842
201805;1022899533;AIR BP PETROBAHIA LTDA.;Querosene de Aviação;443990
201805;1033453598;RAIZEN COMBUSTÍVEIS S.A.;Querosene de Aviação;184412219
201805;1004454790;AIR BP BRASIL LTDA;Gasolina de Aviação;414222
201805;1004454790;AIR BP BRASIL LTDA;Querosene de Aviação;75618151
201805;1007135653;GRAN PETRO DISTRIBUIDORA DE COMBUSTÍVEIS LTDA.;Gasolina de Aviação;457000
201805;5034274233;PETROBRAS DISTRIBUIDORA S.A.;Gasolina de Aviação;1029950
201805;1033453598;RAIZEN COMBUSTÍVEIS S.A.;Gasolina de Aviação;1225505
201805;1007135653;GRAN PETRO DISTRIBUIDORA DE COMBUSTÍVEIS LTDA.;Querosene de Aviação;200000
201806;5034274233;PETROBRAS DISTRIBUIDORA S.A.;Querosene de Aviação;314961233
201806;1022899533;AIR BP PETROBAHIA LTDA.;Gasolina de Aviação;5011
201806;1022899533;AIR BP PETROBAHIA LTDA.;Querosene de Aviação;670854
201806;1033453598;RAIZEN COMBUSTÍVEIS S.A.;Querosene de Aviação;181533993
201806;1004454790;AIR BP BRASIL LTDA;Gasolina de Aviação;519273
201806;1004454790;AIR BP BRASIL LTDA;Querosene de Aviação;75831019
201806;5034274233;PETROBRAS DISTRIBUIDORA S.A.;Gasolina de Aviação;1816850
201806;1007135653;GRAN PETRO DISTRIBUIDORA DE COMBUSTÍVEIS LTDA.;Gasolina de Aviação;620000
201806;1033453598;RAIZEN COMBUSTÍVEIS S.A.;Gasolina de Aviação;1860992
201806;1007135653;GRAN PETRO DISTRIBUIDORA DE COMBUSTÍVEIS LTDA.;Querosene de Aviação;535000
201807;5034274233;PETROBRAS DISTRIBUIDORA S.A.;Querosene de Aviação;362810198
201807;1022899533;AIR BP PETROBAHIA LTDA.;Gasolina de Aviação;6614
201807;1022899533;AIR BP PETROBAHIA LTDA.;Querosene de Aviação;622056
201807;1033453598;RAIZEN COMBUSTÍVEIS S.A.;Querosene de Aviação;197196780
201807;1004454790;AIR BP BRASIL LTDA;Gasolina de Aviação;419463
201807;1004454790;AIR BP BRASIL LTDA;Querosene de Aviação;87042332
201807;1007135653;GRAN PETRO DISTRIBUIDORA DE COMBUSTÍVEIS LTDA.;Gasolina de Aviação;571000
201807;1033453598;RAIZEN COMBUSTÍVEIS S.A.;Gasolina de Aviação;1514899
201807;5034274233;PETROBRAS DISTRIBUIDORA S.A.;Gasolina de Aviação;1349750
201807;1007135653;GRAN PETRO DISTRIBUIDORA DE COMBUSTÍVEIS LTDA.;Querosene de Aviação;275000
201808;5034274233;PETROBRAS DISTRIBUIDORA S.A.;Querosene de Aviação;334054965
201808;1022899533;AIR BP PETROBAHIA LTDA.;Gasolina de Aviação;5877
201808;1033453598;RAIZEN COMBUSTÍVEIS S.A.;Querosene de Aviação;195502891
201808;1022899533;AIR BP PETROBAHIA LTDA.;Querosene de Aviação;589208
201808;1004454790;AIR BP BRASIL LTDA;Gasolina de Aviação;424574
201808;1004454790;AIR BP BRASIL LTDA;Querosene de Aviação;82392551
201808;1007135653;GRAN PETRO DISTRIBUIDORA DE COMBUSTÍVEIS LTDA.;Gasolina de Aviação;666000
201808;5034274233;PETROBRAS DISTRIBUIDORA S.A.;Gasolina de Aviação;1312200
201808;1033453598;RAIZEN COMBUSTÍVEIS S.A.;Gasolina de Aviação;1261511
201808;1007135653;GRAN PETRO DISTRIBUIDORA DE COMBUSTÍVEIS LTDA.;Querosene de Aviação;385000
201809;5034274233;PETROBRAS DISTRIBUIDORA S.A.;Querosene de Aviação;322446504
201809;1022899533;AIR BP PETROBAHIA LTDA.;Gasolina de Aviação;12764
201809;1033453598;RAIZEN COMBUSTÍVEIS S.A.;Querosene de Aviação;189366238
201809;1022899533;AIR BP PETROBAHIA LTDA.;Querosene de Aviação;655106
201809;1004454790;AIR BP BRASIL LTDA;Gasolina de Aviação;382592
201809;1004454790;AIR BP BRASIL LTDA;Querosene de Aviação;82055193
201809;1007135653;GRAN PETRO DISTRIBUIDORA DE COMBUSTÍVEIS LTDA.;Gasolina de Aviação;526000
201809;5034274233;PETROBRAS DISTRIBUIDORA S.A.;Gasolina de Aviação;1624582
201809;1033453598;RAIZEN COMBUSTÍVEIS S.A.;Gasolina de Aviação;2003361
201809;1007135653;GRAN PETRO DISTRIBUIDORA DE COMBUSTÍVEIS LTDA.;Querosene de Aviação;599820
201810;5034274233;PETROBRAS DISTRIBUIDORA S.A.;Querosene de Aviação;325229160
201810;1022899533;AIR BP PETROBAHIA LTDA.;Gasolina de Aviação;3433
201810;1033453598;RAIZEN COMBUSTÍVEIS S.A.;Querosene de Aviação;195099531
201810;1022899533;AIR BP PETROBAHIA LTDA.;Querosene de Aviação;4764499
201810;1004454790;AIR BP BRASIL LTDA;Gasolina de Aviação;277807
201810;1004454790;AIR BP BRASIL LTDA;Querosene de Aviação;90308315
201810;5034274233;PETROBRAS DISTRIBUIDORA S.A.;Gasolina de Aviação;1358030
201810;1007135653;GRAN PETRO DISTRIBUIDORA DE COMBUSTÍVEIS LTDA.;Gasolina de Aviação;503000
201810;1033453598;RAIZEN COMBUSTÍVEIS S.A.;Gasolina de Aviação;1169199
201810;1007135653;GRAN PETRO DISTRIBUIDORA DE COMBUSTÍVEIS LTDA.;Querosene de Aviação;404000
201811;5034274233;PETROBRAS DISTRIBUIDORA S.A.;Querosene de Aviação;294610698
201811;1022899533;AIR BP PETROBAHIA LTDA.;Gasolina de Aviação;2245
201811;1022899533;AIR BP PETROBAHIA LTDA.;Querosene de Aviação;6617076
201811;1033453598;RAIZEN COMBUSTÍVEIS S.A.;Querosene de Aviação;202517891
201811;1004454790;AIR BP BRASIL LTDA;Gasolina de Aviação;221413
201811;1004454790;AIR BP BRASIL LTDA;Querosene de Aviação;91285445
201811;5034274233;PETROBRAS DISTRIBUIDORA S.A.;Gasolina de Aviação;1236400
201811;1007135653;GRAN PETRO DISTRIBUIDORA DE COMBUSTÍVEIS LTDA.;Gasolina de Aviação;87000
201811;1033453598;RAIZEN COMBUSTÍVEIS S.A.;Gasolina de Aviação;1269243
201811;1007135653;GRAN PETRO DISTRIBUIDORA DE COMBUSTÍVEIS LTDA.;Querosene de Aviação;290000
201812;5034274233;PETROBRAS DISTRIBUIDORA S.A.;Querosene de Aviação;325741501
201812;1022899533;AIR BP PETROBAHIA LTDA.;Gasolina de Aviação;7412
201812;1022899533;AIR BP PETROBAHIA LTDA.;Querosene de Aviação;7264473
201812;1033453598;RAIZEN COMBUSTÍVEIS S.A.;Querosene de Aviação;213302157
201812;1004454790;AIR BP BRASIL LTDA;Gasolina de Aviação;530447
201812;1004454790;AIR BP BRASIL LTDA;Querosene de Aviação;102051668
201812;1007135653;GRAN PETRO DISTRIBUIDORA DE COMBUSTÍVEIS LTDA.;Gasolina de Aviação;717000
201812;5034274233;PETROBRAS DISTRIBUIDORA S.A.;Gasolina de Aviação;1866442
201812;1033453598;RAIZEN COMBUSTÍVEIS S.A.;Gasolina de Aviação;1941232
201812;1007135653;GRAN PETRO DISTRIBUIDORA DE COMBUSTÍVEIS LTDA.;Querosene de Aviação;270000
201901;5034274233;PETROBRAS DISTRIBUIDORA S.A.;Querosene de Aviação;354601033
201901;1022899533;AIR BP PETROBAHIA LTDA.;Gasolina de Aviação;6607
201901;1033453598;RAIZEN COMBUSTÍVEIS S.A.;Querosene de Aviação;209936103
201901;1022899533;AIR BP PETROBAHIA LTDA.;Querosene de Aviação;7432055
201901;1004454790;AIR BP BRASIL LTDA;Gasolina de Aviação;426591
201901;1004454790;AIR BP BRASIL LTDA;Querosene de Aviação;100185870
201901;1033453598;RAIZEN COMBUSTÍVEIS S.A.;Gasolina de Aviação;1432210
201901;5034274233;PETROBRAS DISTRIBUIDORA S.A.;Gasolina de Aviação;2061808
201901;1007135653;GRAN PETRO DISTRIBUIDORA DE COMBUSTÍVEIS LTDA.;Gasolina de Aviação;727000
201901;1007135653;GRAN PETRO DISTRIBUIDORA DE COMBUSTÍVEIS LTDA.;Querosene de Aviação;130000
201902;5034274233;PETROBRAS DISTRIBUIDORA S.A.;Querosene de Aviação;288880081
201902;1022899533;AIR BP PETROBAHIA LTDA.;Gasolina de Aviação;6056
201902;1033453598;RAIZEN COMBUSTÍVEIS S.A.;Querosene de Aviação;183797944
201902;1022899533;AIR BP PETROBAHIA LTDA.;Querosene de Aviação;6699175
201902;1004454790;AIR BP BRASIL LTDA;Gasolina de Aviação;492363
201902;1004454790;AIR BP BRASIL LTDA;Querosene de Aviação;85540158
201902;1007135653;GRAN PETRO DISTRIBUIDORA DE COMBUSTÍVEIS LTDA.;Gasolina de Aviação;593000
201902;1033453598;RAIZEN COMBUSTÍVEIS S.A.;Gasolina de Aviação;1238619
201902;5034274233;PETROBRAS DISTRIBUIDORA S.A.;Gasolina de Aviação;1522800
201902;1007135653;GRAN PETRO DISTRIBUIDORA DE COMBUSTÍVEIS LTDA.;Querosene de Aviação;170000
201903;5034274233;PETROBRAS DISTRIBUIDORA S.A.;Querosene de Aviação;306574469
201903;1022899533;AIR BP PETROBAHIA LTDA.;Gasolina de Aviação;7804
201903;1022899533;AIR BP PETROBAHIA LTDA.;Querosene de Aviação;6579730
201903;1033453598;RAIZEN COMBUSTÍVEIS S.A.;Querosene de Aviação;196124179
201903;1004454790;AIR BP BRASIL LTDA;Gasolina de Aviação;433151
201903;1004454790;AIR BP BRASIL LTDA;Querosene de Aviação;92882037
201903;5034274233;PETROBRAS DISTRIBUIDORA S.A.;Gasolina de Aviação;1263400
201903;1007135653;GRAN PETRO DISTRIBUIDORA DE COMBUSTÍVEIS LTDA.;Gasolina de Aviação;697000
201903;1033453598;RAIZEN COMBUSTÍVEIS S.A.;Gasolina de Aviação;1203798
201903;1007135653;GRAN PETRO DISTRIBUIDORA DE COMBUSTÍVEIS LTDA.;Querosene de Aviação;260000
201904;5034274233;PETROBRAS DISTRIBUIDORA S.A.;Querosene de Aviação;287042205
201904;1022899533;AIR BP PETROBAHIA LTDA.;Gasolina de Aviação;4907
201904;1033453598;RAIZEN COMBUSTÍVEIS S.A.;Querosene de Aviação;184066245
201904;1022899533;AIR BP PETROBAHIA LTDA.;Querosene de Aviação;4016954
201904;1004454790;AIR BP BRASIL LTDA;Gasolina de Aviação;548153
201904;1004454790;AIR BP BRASIL LTDA;Querosene de Aviação;81460694
201904;1007135653;GRAN PETRO DISTRIBUIDORA DE COMBUSTÍVEIS LTDA.;Gasolina de Aviação;548000
201904;5034274233;PETROBRAS DISTRIBUIDORA S.A.;Gasolina de Aviação;1196625
201904;1033453598;RAIZEN COMBUSTÍVEIS S.A.;Gasolina de Aviação;1184485
201904;1007135653;GRAN PETRO DISTRIBUIDORA DE COMBUSTÍVEIS LTDA.;Querosene de Aviação;120000
201905;5034274233;PETROBRAS DISTRIBUIDORA S.A.;Querosene de Aviação;283781807
201905;1022899533;AIR BP PETROBAHIA LTDA.;Gasolina de Aviação;10301
201905;1033453598;RAIZEN COMBUSTÍVEIS S.A.;Querosene de Aviação;182088241
201905;1022899533;AIR BP PETROBAHIA LTDA.;Querosene de Aviação;1153671
201905;1004454790;AIR BP BRASIL LTDA;Gasolina de Aviação;279567
201905;1004454790;AIR BP BRASIL LTDA;Querosene de Aviação;84772467
201905;5034274233;PETROBRAS DISTRIBUIDORA S.A.;Gasolina de Aviação;971424
201905;1007135653;GRAN PETRO DISTRIBUIDORA DE COMBUSTÍVEIS LTDA.;Gasolina de Aviação;735000
201905;1033453598;RAIZEN COMBUSTÍVEIS S.A.;Gasolina de Aviação;893650
201905;1007135653;GRAN PETRO DISTRIBUIDORA DE COMBUSTÍVEIS LTDA.;Querosene de Aviação;30000
201906;5034274233;PETROBRAS DISTRIBUIDORA S.A.;Querosene de Aviação;276647987
201906;1022899533;AIR BP PETROBAHIA LTDA.;Gasolina de Aviação;3615
201906;1033453598;RAIZEN COMBUSTÍVEIS S.A.;Querosene de Aviação;169793161
201906;1022899533;AIR BP PETROBAHIA LTDA.;Querosene de Aviação;630699
201906;1004454790;AIR BP BRASIL LTDA;Gasolina de Aviação;265429
201906;1004454790;AIR BP BRASIL LTDA;Querosene de Aviação;82350255
201906;1033453598;RAIZEN COMBUSTÍVEIS S.A.;Gasolina de Aviação;1344094
201906;5034274233;PETROBRAS DISTRIBUIDORA S.A.;Gasolina de Aviação;1383262
201906;1007135653;GRAN PETRO DISTRIBUIDORA DE COMBUSTÍVEIS LTDA.;Gasolina de Aviação;563000
201907;5034274233;PETROBRAS DISTRIBUIDORA S.A.;Querosene de Aviação;324871545
201907;1022899533;AIR BP PETROBAHIA LTDA.;Gasolina de Aviação;2864
201907;1022899533;AIR BP PETROBAHIA LTDA.;Querosene de Aviação;556749
201907;1033453598;RAIZEN COMBUSTÍVEIS S.A.;Querosene de Aviação;195610993
201907;1004454790;AIR BP BRASIL LTDA;Gasolina de Aviação;529306
201907;1004454790;AIR BP BRASIL LTDA;Querosene de Aviação;90739817
201907;1002913444;REDE SOL FUEL DISTRIBUIDORA S/A.;Gasolina de Aviação;99105
201907;5034274233;PETROBRAS DISTRIBUIDORA S.A.;Gasolina de Aviação;1289200
201907;1007135653;GRAN PETRO DISTRIBUIDORA DE COMBUSTÍVEIS LTDA.;Gasolina de Aviação;538000
201907;1033453598;RAIZEN COMBUSTÍVEIS S.A.;Gasolina de Aviação;1588846
201907;1007135653;GRAN PETRO DISTRIBUIDORA DE COMBUSTÍVEIS LTDA.;Querosene de Aviação;205000
201908;5034274233;PETROBRAS DISTRIBUIDORA S.A.;Querosene de Aviação;297586282
201908;1022899533;AIR BP PETROBAHIA LTDA.;Gasolina de Aviação;1933
201908;1033453598;RAIZEN COMBUSTÍVEIS S.A.;Querosene de Aviação;195128540
201908;1022899533;AIR BP PETROBAHIA LTDA.;Querosene de Aviação;496788
201908;1004454790;AIR BP BRASIL LTDA;Gasolina de Aviação;382951
201908;1004454790;AIR BP BRASIL LTDA;Querosene de Aviação;84974393
201908;1002913444;REDE SOL FUEL DISTRIBUIDORA S/A.;Gasolina de Aviação;135000
201908;1033453598;RAIZEN COMBUSTÍVEIS S.A.;Gasolina de Aviação;1127904
201908;1007135653;GRAN PETRO DISTRIBUIDORA DE COMBUSTÍVEIS LTDA.;Gasolina de Aviação;575000
201908;5034274233;PETROBRAS DISTRIBUIDORA S.A.;Gasolina de Aviação;1353048
201908;1007135653;GRAN PETRO DISTRIBUIDORA DE COMBUSTÍVEIS LTDA.;Querosene de Aviação;347000
201909;1022899533;AIR BP PETROBAHIA LTDA.;Gasolina de Aviação;3587
201909;5034274233;PETROBRAS DISTRIBUIDORA S.A.;Querosene de Aviação;291602219
201909;1022899533;AIR BP PETROBAHIA LTDA.;Querosene de Aviação;751829
201909;1033453598;RAIZEN COMBUSTÍVEIS S.A.;Querosene de Aviação;184989766
201909;1004454790;AIR BP BRASIL LTDA;Gasolina de Aviação;470827
201909;1004454790;AIR BP BRASIL LTDA;Querosene de Aviação;85653596
201909;1002913444;REDE SOL FUEL DISTRIBUIDORA S/A.;Gasolina de Aviação;150000
201909;1007135653;GRAN PETRO DISTRIBUIDORA DE COMBUSTÍVEIS LTDA.;Gasolina de Aviação;466000
201909;1033453598;RAIZEN COMBUSTÍVEIS S.A.;Gasolina de Aviação;1417300
201909;5034274233;PETROBRAS DISTRIBUIDORA S.A.;Gasolina de Aviação;1089035
201909;1007135653;GRAN PETRO DISTRIBUIDORA DE COMBUSTÍVEIS LTDA.;Querosene de Aviação;397000
201910;5034274233;PETROBRAS DISTRIBUIDORA S.A.;Querosene de Aviação;298759191
201910;1022899533;AIR BP PETROBAHIA LTDA.;Gasolina de Aviação;18087
201910;1033453598;RAIZEN COMBUSTÍVEIS S.A.;Querosene de Aviação;193324500
201910;1022899533;AIR BP PETROBAHIA LTDA.;Querosene de Aviação;715106
201910;1004454790;AIR BP BRASIL LTDA;Gasolina de Aviação;407248
201910;1004454790;AIR BP BRASIL LTDA;Querosene de Aviação;89190823
201910;1002913444;REDE SOL FUEL DISTRIBUIDORA S/A.;Gasolina de Aviação;175000
201910;1033453598;RAIZEN COMBUSTÍVEIS S.A.;Gasolina de Aviação;1151561
201910;5034274233;PETROBRAS DISTRIBUIDORA S.A.;Gasolina de Aviação;1108499
201910;1007135653;GRAN PETRO DISTRIBUIDORA DE COMBUSTÍVEIS LTDA.;Gasolina de Aviação;580000
201910;1007135653;GRAN PETRO DISTRIBUIDORA DE COMBUSTÍVEIS LTDA.;Querosene de Aviação;442000
201911;1022899533;AIR BP PETROBAHIA LTDA.;Gasolina de Aviação;10260
201911;5034274233;PETROBRAS DISTRIBUIDORA S.A.;Querosene de Aviação;288086133
201911;1022899533;AIR BP PETROBAHIA LTDA.;Querosene de Aviação;934215
201911;1033453598;RAIZEN COMBUSTÍVEIS S.A.;Querosene de Aviação;187590374
201911;1004454790;AIR BP BRASIL LTDA;Gasolina de Aviação;489812
201911;1004454790;AIR BP BRASIL LTDA;Querosene de Aviação;97151937
201911;1002913444;REDE SOL FUEL DISTRIBUIDORA S/A.;Gasolina de Aviação;150000
201911;1033453598;RAIZEN COMBUSTÍVEIS S.A.;Gasolina de Aviação;869743
201911;5034274233;PETROBRAS DISTRIBUIDORA S.A.;Gasolina de Aviação;967295
201911;1007135653;GRAN PETRO DISTRIBUIDORA DE COMBUSTÍVEIS LTDA.;Gasolina de Aviação;563000
201911;1007135653;GRAN PETRO DISTRIBUIDORA DE COMBUSTÍVEIS LTDA.;Querosene de Aviação;320000
201912;1022899533;AIR BP PETROBAHIA LTDA.;Gasolina de Aviação;16131
201912;5034274233;PETROBRAS DISTRIBUIDORA S.A.;Querosene de Aviação;319706305
201912;1033453598;RAIZEN COMBUSTÍVEIS S.A.;Querosene de Aviação;199251964
201912;1022899533;AIR BP PETROBAHIA LTDA.;Querosene de Aviação;1167664
201912;1004454790;AIR BP BRASIL LTDA;Gasolina de Aviação;350289
201912;1004454790;AIR BP BRASIL LTDA;Querosene de Aviação;102517491
201912;1002913444;REDE SOL FUEL DISTRIBUIDORA S/A.;Gasolina de Aviação;90000
201912;1007135653;GRAN PETRO DISTRIBUIDORA DE COMBUSTÍVEIS LTDA.;Gasolina de Aviação;529000
201912;1033453598;RAIZEN COMBUSTÍVEIS S.A.;Gasolina de Aviação;1263863
201912;5034274233;PETROBRAS DISTRIBUIDORA S.A.;Gasolina de Aviação;1509600
201912;1007135653;GRAN PETRO DISTRIBUIDORA DE COMBUSTÍVEIS LTDA.;Querosene de Aviação;437000
202001;1022899533;AIR BP PETROBAHIA LTDA.;Gasolina de Aviação;10013
202001;5034274233;PETROBRAS DISTRIBUIDORA S.A.;Querosene de Aviação;339788814
202001;1033453598;RAIZEN COMBUSTÍVEIS S.A.;Querosene de Aviação;204265037
202001;1022899533;AIR BP PETROBAHIA LTDA.;Querosene de Aviação;1499514
202001;1004454790;AIR BP BRASIL LTDA;Gasolina de Aviação;473764
202001;1004454790;AIR BP BRASIL LTDA;Querosene de Aviação;103538735
202001;1002913444;REDE SOL FUEL DISTRIBUIDORA S/A.;Gasolina de Aviação;160000
202001;1033453598;RAIZEN COMBUSTÍVEIS S.A.;Gasolina de Aviação;960148
202001;1007135653;GRAN PETRO DISTRIBUIDORA DE COMBUSTÍVEIS LTDA.;Gasolina de Aviação;635000
202001;5034274233;PETROBRAS DISTRIBUIDORA S.A.;Gasolina de Aviação;1327100
202001;1007135653;GRAN PETRO DISTRIBUIDORA DE COMBUSTÍVEIS LTDA.;Querosene de Aviação;535000
202002;5034274233;PETROBRAS DISTRIBUIDORA S.A.;Querosene de Aviação;284610284
202002;1033453598;RAIZEN COMBUSTÍVEIS S.A.;Querosene de Aviação;184912963
202002;1004169215;PETRÓLEO SABBÁ S.A.;Querosene de Aviação;1000
202002;1004454790;AIR BP BRASIL LTDA;Gasolina de Aviação;314844
202002;1004454790;AIR BP BRASIL LTDA;Querosene de Aviação;92219349
202002;1002913444;REDE SOL FUEL DISTRIBUIDORA S/A.;Gasolina de Aviação;205000
202002;1007135653;GRAN PETRO DISTRIBUIDORA DE COMBUSTÍVEIS LTDA.;Gasolina de Aviação;550000
202002;5034274233;PETROBRAS DISTRIBUIDORA S.A.;Gasolina de Aviação;1041800
202002;1033453598;RAIZEN COMBUSTÍVEIS S.A.;Gasolina de Aviação;920165
202002;1007135653;GRAN PETRO DISTRIBUIDORA DE COMBUSTÍVEIS LTDA.;Querosene de Aviação;325000
202003;5034274233;PETROBRAS DISTRIBUIDORA S.A.;Querosene de Aviação;209476514
202003;1022899533;AIR BP PETROBAHIA LTDA.;Gasolina de Aviação;8763
202003;1033453598;RAIZEN COMBUSTÍVEIS S.A.;Querosene de Aviação;146208629
202003;1022899533;AIR BP PETROBAHIA LTDA.;Querosene de Aviação;1223511
202003;1004454790;AIR BP BRASIL LTDA;Gasolina de Aviação;285854
202003;1004169215;PETRÓLEO SABBÁ S.A.;Querosene de Aviação;200
202003;1004454790;AIR BP BRASIL LTDA;Querosene de Aviação;70331703
202003;1002913444;REDE SOL FUEL DISTRIBUIDORA S/A.;Gasolina de Aviação;225000
202003;5034274233;PETROBRAS DISTRIBUIDORA S.A.;Gasolina de Aviação;929056
202003;1007135653;GRAN PETRO DISTRIBUIDORA DE COMBUSTÍVEIS LTDA.;Gasolina de Aviação;486000
202003;1033453598;RAIZEN COMBUSTÍVEIS S.A.;Gasolina de Aviação;930861
202003;1007135653;GRAN PETRO DISTRIBUIDORA DE COMBUSTÍVEIS LTDA.;Querosene de Aviação;245000
202004;5034274233;PETROBRAS DISTRIBUIDORA S.A.;Querosene de Aviação;41022262
202004;1022899533;AIR BP PETROBAHIA LTDA.;Gasolina de Aviação;3894
202004;1022899533;AIR BP PETROBAHIA LTDA.;Querosene de Aviação;810998
202004;1033453598;RAIZEN COMBUSTÍVEIS S.A.;Querosene de Aviação;33939819
202004;1004454790;AIR BP BRASIL LTDA;Gasolina de Aviação;237457
202004;1004169215;PETRÓLEO SABBÁ S.A.;Querosene de Aviação;200
202004;1004454790;AIR BP BRASIL LTDA;Querosene de Aviação;9338802
202004;1002913444;REDE SOL FUEL DISTRIBUIDORA S/A.;Gasolina de Aviação;218000
202004;1007135653;GRAN PETRO DISTRIBUIDORA DE COMBUSTÍVEIS LTDA.;Gasolina de Aviação;260000
202004;5034274233;PETROBRAS DISTRIBUIDORA S.A.;Gasolina de Aviação;505792
202004;1033453598;RAIZEN COMBUSTÍVEIS S.A.;Gasolina de Aviação;704751
202004;1007135653;GRAN PETRO DISTRIBUIDORA DE COMBUSTÍVEIS LTDA.;Querosene de Aviação;222000
202005;5034274233;PETROBRAS DISTRIBUIDORA S.A.;Querosene de Aviação;46105665
202005;1022899533;AIR BP PETROBAHIA LTDA.;Gasolina de Aviação;4099
202005;1033453598;RAIZEN COMBUSTÍVEIS S.A.;Querosene de Aviação;40576846
202005;1022899533;AIR BP PETROBAHIA LTDA.;Querosene de Aviação;807805
202005;1004169215;PETRÓLEO SABBÁ S.A.;Querosene de Aviação;200
202005;1004454790;AIR BP BRASIL LTDA;Gasolina de Aviação;429248
202005;1002913444;REDE SOL FUEL DISTRIBUIDORA S/A.;Gasolina de Aviação;249000
202005;1004454790;AIR BP BRASIL LTDA;Querosene de Aviação;15961226
202005;1007135653;GRAN PETRO DISTRIBUIDORA DE COMBUSTÍVEIS LTDA.;Gasolina de Aviação;381000
202005;1033453598;RAIZEN COMBUSTÍVEIS S.A.;Gasolina de Aviação;1365736
202005;5034274233;PETROBRAS DISTRIBUIDORA S.A.;Gasolina de Aviação;1159450
202005;1007135653;GRAN PETRO DISTRIBUIDORA DE COMBUSTÍVEIS LTDA.;Querosene de Aviação;95000